,appId,appUrl,name,desc,appCategory,icon,sort
0,1679,https://adobesso.xjtu.edu.cn/?dologin&userType=1&employeeNo=2225015585,adobe认证系统,朱影,3,https://org.xjtu.edu.cn/fds//group1/M00/03/16/CjEWYF0ltlWAVPucAAAN3gxdQKw811.png,1
1,1678,http://m9019809n1.goho.co/home/userindex?userType=1&employeeNo=2225015585,新生照片采集-测试,新生照片采集-测试,10,https://org.xjtu.edu.cn/fds//group1/M00/03/16/CjEWYF0ltlWAVPucAAAN3gxdQKw811.png,2
2,1677,http://gfjc.xjtu.edu.cn/cas/casLogin?userType=1&employeeNo=2225015585,公房检查系统,国资处，俞璐,3,https://org.xjtu.edu.cn/fds//group1/M00/03/16/CjEWYF0ltlWAVPucAAAN3gxdQKw811.png,3
3,1676,http://housing2021.xjtu.edu.cn/appsys/xjtuCASLogin/authenRedirectByDmwebV2?userType=1&employeeNo=2225015585,宿管测试---移动,宿管测试---移动,10,https://org.xjtu.edu.cn/fds//group1/M00/03/16/CjEWYF0ltlWAVPucAAAN3gxdQKw811.png,4
4,1675,http://jwxt.xjtu.edu.cn/jwapp/sys/emapfunauth/pages/funauth-login.do?userType=1&employeeNo=2225015585,本科教务系统,教务4期，李珂廷,6,https://org.xjtu.edu.cn/fds//group1/M00/03/16/CjEWYF0ltlWAVPucAAAN3gxdQKw811.png,5
5,1674,http://10.184.200.95/login/Login.jsp?userType=1&employeeNo=2225015585,电子印章测试--,电子印章测试--,10,https://org.xjtu.edu.cn/fds//group1/M00/03/16/CjEWYF0ltlWAVPucAAAN3gxdQKw811.png,6
6,1673,http://v.ispace.xjtu.edu.cn:8600/auth/realms/xjtu-cxg/broker/oauth2-client/endpoint?userType=1&employeeNo=2225015585,网络学习平台-视频--测试,网络学习平台-视频--测试,10,https://org.xjtu.edu.cn/fds//group1/M00/03/16/CjEWYF0ltlWAVPucAAAN3gxdQKw811.png,7
7,1596,https://egc.xjtu.edu.cn/page/cas/receiveCas.html?version=SAFT_VERSION&userType=1,电子加餐券,电子加餐券,8,https://org.xjtu.edu.cn/fds//group1/M00/09/35/CjEWYGRwcFCANxW1AAAYuIBryGs986.png,8
8,1671,http://onetest.xjtu.edu.cn/EIP/nonlogin/edu/oauth2Login.htm?userType=1&employeeNo=2225015585,大厅测试--,测试,10,https://org.xjtu.edu.cn/fds//group1/M00/03/16/CjEWYF0ltlWAVPucAAAN3gxdQKw811.png,9
9,1670,http://pec.xjtu.edu.cn/system/resource/code/auth/clogin.jsp?userType=1&employeeNo=2225015585,实践教学中心网站,工程坊，张熙研,4,https://org.xjtu.edu.cn/fds//group1/M00/03/16/CjEWYF0ltlWAVPucAAAN3gxdQKw811.png,10
10,1669,http://housing2021.xjtu.edu.cn/appsys/xjtuCASLogin/oauthLoginV2?userType=1&employeeNo=2225015585,宿管测试--pc,宿管测试,10,https://org.xjtu.edu.cn/fds//group1/M00/03/16/CjEWYF0ltlWAVPucAAAN3gxdQKw811.png,11
11,1668,http://zajdrlk.xjtu.edu.cn?userType=1&employeeNo=2225015585,“畅行交大”人脸识别门禁系统,兴庆、雁塔两校区人脸识别门禁系统，王新友,10,https://org.xjtu.edu.cn/fds//group1/M00/03/16/CjEWYF0ltlWAVPucAAAN3gxdQKw811.png,12
12,1665,http://nethelp.xjtu.edu.cn/dologin.php?userType=1&employeeNo=2225015585,网络用户自服务系统-新,nethelp，安宁刚,3,https://org.xjtu.edu.cn/fds//group1/M00/03/16/CjEWYF0ltlWAVPucAAAN3gxdQKw811.png,15
13,1664,http://10.184.203.130/xjtu_ksxt/Login/Index/index?userType=1&employeeNo=2225015585,实验室安全准入考试平台,实验室处，兰云飞,6,https://org.xjtu.edu.cn/fds//group1/M00/03/16/CjEWYF0ltlWAVPucAAAN3gxdQKw811.png,16
14,1663,http://admin.xjtu.edu.cn/dologin.php?userType=1&employeeNo=2225015585,admin,admin,10,https://org.xjtu.edu.cn/fds//group1/M00/03/16/CjEWYF0ltlWAVPucAAAN3gxdQKw811.png,17
15,1662,http://?userType=1&employeeNo=2225015585,新生入学纪念照采集系统,新生入学纪念照采集系统,3,https://org.xjtu.edu.cn/fds//group1/M00/03/16/CjEWYF0ltlWAVPucAAAN3gxdQKw811.png,18
16,1660,http://10.184.235.3/innoe-web/sso/auth/xjtu/v1?userType=1&employeeNo=2225015585,知识产权管理系统,科研院  马晓丽,6,https://org.xjtu.edu.cn/fds//group1/M00/03/16/CjEWYF0ltlWAVPucAAAN3gxdQKw811.png,20
17,1657,http://jwc.xjtu.edu.cn/system/resource/code/auth/clogin.jsp?userType=1&employeeNo=2225015585,教务处新网站,部分通知仅允许校内通过netid查看,4,https://org.xjtu.edu.cn/fds//group1/M00/03/16/CjEWYF0ltlWAVPucAAAN3gxdQKw811.png,23
18,1656,http://xs.xjtu.edu.cn/system/resource/code/auth/clogin.jsp?userType=1&employeeNo=2225015585,党委巡视工作办公室主页,针对校内用户开通权限，巡视办韩国彦,4,https://org.xjtu.edu.cn/fds//group1/M00/03/16/CjEWYF0ltlWAVPucAAAN3gxdQKw811.png,24
19,1655,https://quickpay.xjtu.edu.cn/cas/checkLogin?userType=1&employeeNo=2225015585,财务收费一体化平台,吕春,2,https://org.xjtu.edu.cn/fds//group1/M00/03/16/CjEWYF0ltlWAVPucAAAN3gxdQKw811.png,25
20,1654,http://10.184.207.18:80/oauth/oauthLogin.do?userType=1&employeeNo=2225015585,学生处自助打印服务终端,学生处，于子谋,3,https://org.xjtu.edu.cn/fds//group1/M00/03/16/CjEWYF0ltlWAVPucAAAN3gxdQKw811.png,26
21,1653,https://jdzfpt.xjtu.edu.cn/xjtuCas.aspx?userType=1&employeeNo=2225015585,财务统一支付平台,财务处学杂费及其他收费平台,2,https://org.xjtu.edu.cn/fds//group1/M00/03/16/CjEWYF0ltlWAVPucAAAN3gxdQKw811.png,27
22,1652,https://ilabsafe.xjtu.edu.cn/callback?userType=1&employeeNo=2225015585,实验室危险源智能预警系统,实验室危险源智能预警系统，覃,6,https://org.xjtu.edu.cn/fds//group1/M00/03/16/CjEWYF0ltlWAVPucAAAN3gxdQKw811.png,28
23,1648,http://fwcz.xjtu.edu.cn/cas/casLogin?userType=1&employeeNo=2225015585,出租房屋管理系统,国资处，畅,10,https://org.xjtu.edu.cn/fds//group1/M00/03/16/CjEWYF0ltlWAVPucAAAN3gxdQKw811.png,32
24,1647,http://pts.xjtu.edu.cn/bylw_fxzy/Index.aspx?userType=1&employeeNo=2225015585,毕业设计（论文）智能管理系统（辅修）,管理学生辅修毕业设计（论文）数据信息,6,https://org.xjtu.edu.cn/fds//group1/M00/03/16/CjEWYF0ltlWAVPucAAAN3gxdQKw811.png,33
25,1646,http://hr.xjtu.edu.cn/system/resource/code/cas/caslogin.jsp?userType=1&employeeNo=2225015585,教务处新网站建站,教务处，高茵,4,https://org.xjtu.edu.cn/fds//group1/M00/03/16/CjEWYF0ltlWAVPucAAAN3gxdQKw811.png,34
26,1645,https://adobe.xjtu.edu.cn/?dologin&userType=1&employeeNo=2225015585,Adobe全家桶,朱影,5,https://org.xjtu.edu.cn/fds//group1/M00/03/16/CjEWYF0ltlWAVPucAAAN3gxdQKw811.png,35
27,1643,http://software.xjtu.edu.cn/?dologin&userType=1&employeeNo=2225015585,正版软件自查工具,正版，朱影,5,https://org.xjtu.edu.cn/fds//group1/M00/03/16/CjEWYF0ltlWAVPucAAAN3gxdQKw811.png,36
28,1639,http://10.184.234.2/ai_service/auth-center/account/casOAuthLogin?busCode=xjshow&clientid=web_100020&userType=1&employeeNo=2225015585,智讯检索集成,提供快速便捷检索与应用导航，贺喜梅,4,https://org.xjtu.edu.cn/fds//group1/M00/03/16/CjEWYF0ltlWAVPucAAAN3gxdQKw811.png,40
29,1638,https://pts.xjtu.edu.cn/cxcy/OauthTwo/Index?userType=1&employeeNo=2225015585,大学生创新创业训练计划管理系统,便于立项、中期、结题资料提交相关工作,6,https://org.xjtu.edu.cn/fds//group1/M00/03/16/CjEWYF0ltlWAVPucAAAN3gxdQKw811.png,41
30,1637,http://202.117.43.92?userType=1&employeeNo=2225015585,网安学院会议室预约系统,用于网安学院会议室预约，陶敬,6,https://org.xjtu.edu.cn/fds//group1/M00/03/16/CjEWYF0ltlWAVPucAAAN3gxdQKw811.png,42
31,1636,http://202.117.43.91?userType=1&employeeNo=2225015585,电信学部会议室预约系统,电信学部会议室进行预约管理，陶敬,6,https://org.xjtu.edu.cn/fds//group1/M00/03/16/CjEWYF0ltlWAVPucAAAN3gxdQKw811.png,43
32,1635,http://202.117.43.89?userType=1&employeeNo=2225015585,电信学部学业跟踪系统,对学生的学习过程进行全方位管理，陶敬,6,https://org.xjtu.edu.cn/fds//group1/M00/03/16/CjEWYF0ltlWAVPucAAAN3gxdQKw811.png,44
33,1634,http://202.117.43.88/dologin/edit?userType=1&employeeNo=2225015585,电信学部学业信息管理系统,学生学习全过程管理，记录学生作业等，陶敬,6,https://org.xjtu.edu.cn/fds//group1/M00/03/16/CjEWYF0ltlWAVPucAAAN3gxdQKw811.png,45
34,1633,http://hr.xjtu.edu.cn/system/resource/code/cas/caslogin.jsp?userType=1&employeeNo=2225015585,党委教师工作部/人力资源部主页,党委教师工作部/人力资源部网站更新,4,https://org.xjtu.edu.cn/fds//group1/M00/03/16/CjEWYF0ltlWAVPucAAAN3gxdQKw811.png,46
35,1631,http://da.xjtu.edu.cn/cas/casLogin?userType=1&employeeNo=2225015585,采购项目档案系统,实现采购项目完整档案件的管理和存诸。,3,https://org.xjtu.edu.cn/fds//group1/M00/03/16/CjEWYF0ltlWAVPucAAAN3gxdQKw811.png,48
36,1629,http://10.184.200.236/cas?userType=1&employeeNo=2225015585,主题库管理平台3,主题库创新港,3,https://org.xjtu.edu.cn/fds//group1/M00/03/16/CjEWYF0ltlWAVPucAAAN3gxdQKw811.png,50
37,1628,https://tyrzfw.chaoxing.com/OAuth2/xjtu/index?userType=1&employeeNo=2225015585,钱学森展馆预约,钱学森展馆校内外线上预约，韩萌，图书馆,3,https://org.xjtu.edu.cn/fds//group1/M00/03/16/CjEWYF0ltlWAVPucAAAN3gxdQKw811.png,51
38,1626,http://office.xjtu.edu.cn/system/resource/code/cas/caslogin.jsp?userType=1&employeeNo=2225015585,党委办公室、校长办公室主页,提供校内用印、两会等所需的表格下载,4,https://org.xjtu.edu.cn/fds//group1/M00/03/16/CjEWYF0ltlWAVPucAAAN3gxdQKw811.png,53
39,1625,https://lcdp.xjtu.edu.cn/apaas/plug/server/cas/callback/64ef0473e4b0375bab2cbf53?userType=1&employeeNo=2225015585,数学与统计学院官网,工作量计算、内部资料下载、后勤报修等,4,https://org.xjtu.edu.cn/fds//group1/M00/03/16/CjEWYF0ltlWAVPucAAAN3gxdQKw811.png,54
40,1624,http://49.208.37.93:8080/signal_web/into/201/3?userType=1&employeeNo=2225015585,一卡通手持签到系统pc,签到,8,https://org.xjtu.edu.cn/fds//group1/M00/03/16/CjEWYF0ltlWAVPucAAAN3gxdQKw811.png,55
41,1623,http://gjh.xjtu.edu.cn/sso/callback?userType=1&employeeNo=2225015585,本科国际化管理系统,本科生国际化课程培养，覃,6,https://org.xjtu.edu.cn/fds//group1/M00/03/16/CjEWYF0ltlWAVPucAAAN3gxdQKw811.png,56
42,1622,http://ly.xjtu.edu.cn/sso/callback?userType=1&employeeNo=2225015585,本科劳育管理系统,本科生的劳育教育管理，覃,6,https://org.xjtu.edu.cn/fds//group1/M00/03/16/CjEWYF0ltlWAVPucAAAN3gxdQKw811.png,57
43,1621,https://sc.xjtu.edu.cn/xsfw/sys/xggzptapp/*default/index.do?userType=1&employeeNo=2225015585,学生成长支持系统-,关爱，学生处，于,3,https://org.xjtu.edu.cn/fds//group1/M00/03/16/CjEWYF0ltlWAVPucAAAN3gxdQKw811.png,58
44,1619,https://idp.xjtu.edu.cn/idp/Authn/External?conversation=e1s2&userType=1&employeeNo=2225015585,图书馆电子资源访问身份认证系统2,carsi,6,https://org.xjtu.edu.cn/fds//group1/M00/03/16/CjEWYF0ltlWAVPucAAAN3gxdQKw811.png,59
45,1617,https://hqsdm.xjtu.edu.cn/apaas/plug/server/login/callback/62b59cb6e4b0036d0ec2b361?userType=1&employeeNo=2225015585,后勤计费系统,后勤计费,10,https://org.xjtu.edu.cn/fds//group1/M00/03/16/CjEWYF0ltlWAVPucAAAN3gxdQKw811.png,60
46,1616,https://dzpz.xjtu.edu.cn/login/Login.jsp?userType=1&employeeNo=2225015585,师生电子凭证综合服务平台,电子凭证,3,https://org.xjtu.edu.cn/fds//group1/M00/03/16/CjEWYF0ltlWAVPucAAAN3gxdQKw811.png,62
47,1615,https://lisquery.xjtu.edu.cn/query?userType=1&employeeNo=2225015585,lis报告查询平台,校医院，高瞻,10,https://org.xjtu.edu.cn/fds//group1/M00/03/16/CjEWYF0ltlWAVPucAAAN3gxdQKw811.png,63
48,1614,http://std.xjtu.edu.cn/system/resource/code/auth/clogin.jsp?userType=1&employeeNo=2225015585,科技在线-主页,科技在线,4,https://org.xjtu.edu.cn/fds//group1/M00/03/16/CjEWYF0ltlWAVPucAAAN3gxdQKw811.png,64
49,1613,http://peixun.xjtu.edu.cn/system/resource/code/auth/clogin.jsp?userType=1&employeeNo=2225015585,继续教育管理处/干部教育培训基地网站,彭颖,4,https://org.xjtu.edu.cn/fds//group1/M00/03/16/CjEWYF0ltlWAVPucAAAN3gxdQKw811.png,65
50,1611,http://lms-class.xjtu.edu.cn:8600?userType=1&employeeNo=2225015585,创课资源管理-学习直播平台-测试,创课资源管理学习直播平台-class,6,https://org.xjtu.edu.cn/fds//group1/M00/03/16/CjEWYF0ltlWAVPucAAAN3gxdQKw811.png,66
51,1608,https://ganchuang.lib.xjtu.edu.cn/selacc.html?userType=1&employeeNo=2225015585,感创云图书馆集成管理系统移动端,图书馆，梁栋,6,https://org.xjtu.edu.cn/fds//group1/M00/03/16/CjEWYF0ltlWAVPucAAAN3gxdQKw811.png,68
52,1606,https://isso.xjtu.edu.cn/oauth/login/?userType=1&employeeNo=2225015585,国际学生综合服务管理平台,招生报名、日常管理、校友管理，白露,6,https://org.xjtu.edu.cn/fds//group1/M00/03/16/CjEWYF0ltlWAVPucAAAN3gxdQKw811.png,70
53,1605,http://gmis.xjtu.edu.cn/ybjh/sso/login?userType=1&employeeNo=2225015585,研究生系统优本端,研究生系统优本端,6,https://org.xjtu.edu.cn/fds//group1/M00/03/16/CjEWYF0ltlWAVPucAAAN3gxdQKw811.png,71
54,1604,http://49.208.41.167:8080/dynamic/cm-sites-sys/v3/authlogin?userType=1&employeeNo=2225015585,交大音视频网站,展示学校音视频类作品,4,https://org.xjtu.edu.cn/fds//group1/M00/03/16/CjEWYF0ltlWAVPucAAAN3gxdQKw811.png,72
55,1603,http://egcadmin.xjtu.edu.cn/login/toLogin?userType=1&employeeNo=2225015585,卡券管理端,卡券管理端,1,https://org.xjtu.edu.cn/fds//group1/M00/03/16/CjEWYF0ltlWAVPucAAAN3gxdQKw811.png,73
56,1601,https://zswxxcx.xjtu.edu.cn/auth/authCenter?userType=1&employeeNo=2225015585,招生宣传管理系统,招生宣传管理系统,6,https://org.xjtu.edu.cn/fds//group1/M00/03/16/CjEWYF0ltlWAVPucAAAN3gxdQKw811.png,74
57,1600,http://pts.xjtu.edu.cn/sx/Index.aspx?userType=1&employeeNo=2225015585,专业实习管理系统,实践教学中心/工程坊，张熙研,6,https://org.xjtu.edu.cn/fds//group1/M00/03/16/CjEWYF0ltlWAVPucAAAN3gxdQKw811.png,76
58,1599,http://49.208.39.11/applyvpn?userType=1&employeeNo=2225015585,校园SSLVPN,校园SSLVPN，刘宸,6,https://org.xjtu.edu.cn/fds//group1/M00/03/16/CjEWYF0ltlWAVPucAAAN3gxdQKw811.png,78
59,1519,https://xyxz.xjtu.edu.cn?userType=1&employeeNo=2225015585,学院选择系统,学院选择系统,6,https://org.xjtu.edu.cn/fds//group1/M00/08/DF/CjEWYGKwQjaAGVwHAAAGKmuXH3o261.png,83
60,1594,https://yzxlcs.xjtu.edu.cn/Index.aspx?userType=1&employeeNo=2225015585,心理教育管理系统pc,心理中心,6,https://org.xjtu.edu.cn/fds//group1/M00/03/16/CjEWYF0ltlWAVPucAAAN3gxdQKw811.png,87
61,1592,http://keyshot.xjtu.edu.cn/index/login/index.html?userType=1&employeeNo=2225015585,校园正版软件keyshot授权认证平台,校园正版软件keyshot授权认证平台,6,https://org.xjtu.edu.cn/fds//group1/M00/03/16/CjEWYF0ltlWAVPucAAAN3gxdQKw811.png,88
62,1591,https://zsdata.xjtu.edu.cn/auth/authCenter?userType=1&employeeNo=2225015585,招生宣传管理系统,管理、组织、申请参与招生宣传、采集考生,6,https://org.xjtu.edu.cn/fds//group1/M00/03/16/CjEWYF0ltlWAVPucAAAN3gxdQKw811.png,89
63,1590,https://yzxlcs.xjtu.edu.cn/psytest/login/xnjtLogin?userType=1&employeeNo=2225015585,心理教育管理系统,学校师生开展心理测评、收集心理测试信息,6,https://org.xjtu.edu.cn/fds//group1/M00/03/16/CjEWYF0ltlWAVPucAAAN3gxdQKw811.png,91
64,1589,http://first.stat.lib.xjtu.edu.cn/dologin/?userType=1&employeeNo=2225015585,数据库、图书导航,数据库导航、图书导航新UI，图书馆，韩萌,6,https://org.xjtu.edu.cn/fds//group1/M00/03/16/CjEWYF0ltlWAVPucAAAN3gxdQKw811.png,93
65,1588,http://hqsd.xjtu.edu.cn/apaas/plug/server/cas/callback/62b59cb6e4b0036d0ec2b361?userType=1&employeeNo=2225015585,后勤水电计费系统2,后勤水电计费系统，洪丹丹,10,https://org.xjtu.edu.cn/fds//group1/M00/03/16/CjEWYF0ltlWAVPucAAAN3gxdQKw811.png,95
66,1587,http://std.xjtu.edu.cn/system/resource/code/cas/caslogin.jsp?userType=1&employeeNo=2225015585,科技在线2023,贺喜梅,3,https://org.xjtu.edu.cn/fds//group1/M00/03/16/CjEWYF0ltlWAVPucAAAN3gxdQKw811.png,97
67,1585,http://jfzx.xjtu.edu.cn/system/resource/code/auth/clogin.jsp?userType=1&employeeNo=2225015585,实验室管理处-,实验室管理处-,3,https://org.xjtu.edu.cn/fds//group1/M00/03/16/CjEWYF0ltlWAVPucAAAN3gxdQKw811.png,101
68,1370,http://jwapp.xjtu.edu.cn/app/index?userType=1&employeeNo=2225015585,移动教务,本科生教务,6,https://org.xjtu.edu.cn/fds//group1/M00/07/2C/CjEWYF8IQ3-ARmJTAAAK-8gvO_c703.png,105
69,1584,https://jfzx.xjtu.edu.cn/system/resource/code/auth/clogin.jsp?userType=1&employeeNo=2225015585,实验室管理处,实验室管理处,3,https://org.xjtu.edu.cn/fds//group1/M00/03/16/CjEWYF0ltlWAVPucAAAN3gxdQKw811.png,107
70,1532,https://ipahw.xjtu.edu.cn/sso/callback?userType=1&employeeNo=2225015585,体美劳平台,（仅限校园网）,6,https://org.xjtu.edu.cn/fds//group1/M00/03/16/CjEWYV0lteSAX46yAAADO4eDzB8565.png,109
71,1168,https://cas.xjtu.edu.cn/login?TARGET=http://ky.xjtu.edu.cn/wechat/caslogin&userType=1&employeeNo=2225015585,科研管理系统,移动科研,6,https://org.xjtu.edu.cn/fds//group1/M00/03/16/CjEWYF0lt6yAFTCLAAAD5MXAB1w721.png,110
72,1583,http://xjxm.xjtu.edu.cn/oauth?userType=1&employeeNo=2225015585,西交小明,教务查询服务，如课表、考勤、空闲教室等。,10,https://org.xjtu.edu.cn/fds//group1/M00/03/16/CjEWYF0ltlWAVPucAAAN3gxdQKw811.png,111
73,1582,https://lcdp.xjtu.edu.cn/apaas/plug/server/cas/callback/64074e77e4b0375b482b65c6?userType=1&employeeNo=2225015585,低代码平台,低代码平台,3,https://org.xjtu.edu.cn/fds//group1/M00/03/16/CjEWYF0ltlWAVPucAAAN3gxdQKw811.png,114
74,1580,https://mdayy.xjtu.edu.cn/sso/login/xjtu/wx?userType=1&employeeNo=2225015585,档案远程服务利用系统,档案预约查档、电子档案申请、纸质档案邮递,3,https://org.xjtu.edu.cn/fds//group1/M00/03/16/CjEWYF0ltlWAVPucAAAN3gxdQKw811.png,117
75,1579,http://office.xjtu.edu.cn/system/resource/code/auth/clogin.jsp?userType=1&employeeNo=2225015585,党校办,党委校长办公室,4,https://org.xjtu.edu.cn/fds//group1/M00/03/16/CjEWYF0ltlWAVPucAAAN3gxdQKw811.png,120
76,1578,http://identity.xjtu.edu.cn/auth/realms/xjtu/broker/oauth2-client/endpoint?userType=1&employeeNo=2225015585,学习平台知识图谱,学习平台知识图谱,6,https://org.xjtu.edu.cn/fds//group1/M00/03/16/CjEWYF0ltlWAVPucAAAN3gxdQKw811.png,123
77,1577,https://xjtu.ejingcai.com.cn/cas/casLogin?userType=1&employeeNo=2225015585,竞价系统,竞价系统,3,https://org.xjtu.edu.cn/fds//group1/M00/03/16/CjEWYF0ltlWAVPucAAAN3gxdQKw811.png,126
78,1576,http://+krms.xjtu.edu.cn?userType=1&employeeNo=2225015585,学习平台资源中心服务,学习平台资源中心服务,6,https://org.xjtu.edu.cn/fds//group1/M00/03/16/CjEWYF0ltlWAVPucAAAN3gxdQKw811.png,129
79,1575,http://+kfs.xjtu.edu.cn?userType=1&employeeNo=2225015585,学习平台知识森林服务,知识森林服务,6,https://org.xjtu.edu.cn/fds//group1/M00/03/16/CjEWYF0ltlWAVPucAAAN3gxdQKw811.png,132
80,1573,http://www.dpm.xjtu.edu.cn/system/resource/code/auth/clogin.jsp?userType=1&employeeNo=2225015585,实验室处,实验室处,4,https://org.xjtu.edu.cn/fds//group1/M00/03/16/CjEWYF0ltlWAVPucAAAN3gxdQKw811.png,136
81,1572,http://video.xjtu.edu.cn?userType=1&employeeNo=2225015585,音视频网站,音视频网站,6,https://org.xjtu.edu.cn/fds//group1/M00/03/16/CjEWYF0ltlWAVPucAAAN3gxdQKw811.png,141
82,1571,http://mntor.xjtu.edu.cn?userType=1&employeeNo=2225015585,学习平台服务监控,学习平台服务监控,6,https://org.xjtu.edu.cn/fds//group1/M00/03/16/CjEWYF0ltlWAVPucAAAN3gxdQKw811.png,144
83,1570,http://rms.xjtu.edu.cn?userType=1&employeeNo=2225015585,学习平台资源平台,学习平台资源平台,6,https://org.xjtu.edu.cn/fds//group1/M00/03/16/CjEWYF0ltlWAVPucAAAN3gxdQKw811.png,147
84,1569,http://srs.xjtu.edu.cn?userType=1&employeeNo=2225015585,学习平台资源平台直播服务,学习平台资源平台直播服务,6,https://org.xjtu.edu.cn/fds//group1/M00/03/16/CjEWYV0ltVuAa3pOAAAGj5opbaQ335.png,153
85,1568,http://ilesson.xjtu.edu.cn?userType=1&employeeNo=2225015585,学习平台资源平台录播服务,学习平台资源平台录播服务,6,https://org.xjtu.edu.cn/fds//group1/M00/03/16/CjEWYF0ltlWAVPucAAAN3gxdQKw811.png,155
86,1567,http://incast.xjtu.edu.cn?userType=1&employeeNo=2225015585,学习平台资源平台视频api服务,学习平台资源平台视频api服务,6,https://org.xjtu.edu.cn/fds//group1/M00/03/16/CjEWYF0ltlWAVPucAAAN3gxdQKw811.png,158
87,1566,http://cdc.xjtu.edu.cn?userType=1&employeeNo=2225015585,学习平台数据对接应用中心,学习平台数据对接应用中心,6,https://org.xjtu.edu.cn/fds//group1/M00/03/16/CjEWYF0ltlWAVPucAAAN3gxdQKw811.png,159
88,1565,http://identity.xjtu.edu.cn?userType=1&employeeNo=2225015585,学习平台数据对接身份认证,学习平台数据对接身份认证,6,https://org.xjtu.edu.cn/fds//group1/M00/03/16/CjEWYF0ltlWAVPucAAAN3gxdQKw811.png,160
89,1564,http://mobile.xjtu.edu.cn?userType=1&employeeNo=2225015585,学习平台mobile H5服务,学习平台mobile H5服务,6,https://org.xjtu.edu.cn/fds//group1/M00/03/16/CjEWYF0ltlWAVPucAAAN3gxdQKw811.png,161
90,1563,http://meida.xxx.edu.cn/?userType=1&employeeNo=2225015585,学习平台转码服务,学习平台转码服务,6,https://org.xjtu.edu.cn/fds//group1/M00/03/16/CjEWYF0ltlWAVPucAAAN3gxdQKw811.png,162
91,1562,http://zsgraph.xjtu.edu.cn?userType=1&employeeNo=2225015585,学习平台web主站,学习平台web主站,6,https://org.xjtu.edu.cn/fds//group1/M00/03/16/CjEWYF0ltlWAVPucAAAN3gxdQKw811.png,163
92,1561,https://vpahw.xjtu.edu.cn/api/v1/cas/login?userType=1&employeeNo=2225015585,研究生体美劳视频点播平台,研究生体美劳视频点播,6,https://org.xjtu.edu.cn/fds//group1/M00/03/16/CjEWYF0ltlWAVPucAAAN3gxdQKw811.png,164
93,1559,http://tecang.lib.xjtu.edu.cn?userType=1&employeeNo=2225015585,特藏资源专题门户,图书馆特藏资源专题门户,6,https://org.xjtu.edu.cn/fds//group1/M00/03/16/CjEWYF0ltlWAVPucAAAN3gxdQKw811.png,166
94,1558,http://ssn.xjtu.edu.cn/auth/login?userType=1&employeeNo=2225015585,物联网服务平台,创新港物联网服务平台,3,https://org.xjtu.edu.cn/fds//group1/M00/03/16/CjEWYF0ltlWAVPucAAAN3gxdQKw811.png,167
95,1556,http://wl.xjtu.edu.cn:8080/xjtuzcgl/login?userType=1&employeeNo=2225015585,物料管理系统（码）,物料管理系统（码）,3,https://org.xjtu.edu.cn/fds//group1/M00/03/16/CjEWYF0ltlWAVPucAAAN3gxdQKw811.png,169
96,1555,http://58.206.126.51:8080/system/login.jsp?userType=1&employeeNo=2225015585,科技在线2022,科技在线,3,https://org.xjtu.edu.cn/fds//group1/M00/03/16/CjEWYF0ltlWAVPucAAAN3gxdQKw811.png,170
97,1554,http://ltx.xjtu.edu.cn/authorServer/callbackCode?userType=1&employeeNo=2225015585,离退休工作管理系统,离退休工作管理系统,3,https://org.xjtu.edu.cn/fds//group1/M00/03/16/CjEWYF0ltlWAVPucAAAN3gxdQKw811.png,171
98,1553,http://math.xjtu.edu.cn/system/resource/code/auth/clogin.jsp?userType=1&employeeNo=2225015585,数学学院主页,数学学院主页,4,https://org.xjtu.edu.cn/fds//group1/M00/03/16/CjEWYF0ltlWAVPucAAAN3gxdQKw811.png,172
99,1552,http://marx.xjtu.edu.cn/system/resource/code/auth/clogin.jsp?userType=1&employeeNo=2225015585,马克思主义学院主页,马克思主义学院主页,10,https://org.xjtu.edu.cn/fds//group1/M00/03/16/CjEWYF0ltlWAVPucAAAN3gxdQKw811.png,173
100,1550,https://dayy.xjtu.edu.cn/sso/login/xjtu?userType=1&employeeNo=2225015585,档案远程服务系统,提交查档申请，可信电子档案办理等工作。,3,https://org.xjtu.edu.cn/fds//group1/M00/03/16/CjEWYF0ltlWAVPucAAAN3gxdQKw811.png,174
101,1549,https://erms.xjtu.edu.cn/api/sso/login/xjtu?userType=1&employeeNo=2225015585,数字档案综合管理系统,数字档案采集、整理、保管、利用。,3,https://org.xjtu.edu.cn/fds//group1/M00/03/16/CjEWYF0ltlWAVPucAAAN3gxdQKw811.png,175
102,1548,http://10.184.206.15/api/open/xjtu/authentication?userType=1&employeeNo=2225015585,启明泰和知学知考,启明泰和知学知考,6,https://org.xjtu.edu.cn/fds//group1/M00/03/16/CjEWYF0ltlWAVPucAAAN3gxdQKw811.png,176
103,1547,http://10.184.206.33/iplat-pass-xjtu/thirdLogin/xjtu/login?userType=1&employeeNo=2225015585,科大讯飞智慧教育平台,科大讯飞智慧教育平台,3,https://org.xjtu.edu.cn/fds//group1/M00/03/16/CjEWYF0ltlWAVPucAAAN3gxdQKw811.png,177
104,1546,http://gs.xjtu.edu.cn/system/resource/code/auth/clogin.jsp?userType=1&employeeNo=2225015585,研究生网站,研究生官网,4,https://org.xjtu.edu.cn/fds//group1/M00/03/16/CjEWYF0ltlWAVPucAAAN3gxdQKw811.png,178
105,1545,https://mgmtd.xjtu.edu.cn?userType=1&employeeNo=2225015585,数据库专用vpn,数据库专用vpn郑刘潇,3,https://org.xjtu.edu.cn/fds//group1/M00/03/16/CjEWYF0ltlWAVPucAAAN3gxdQKw811.png,179
106,1542,http://pts.xjtu.edu.cn/bylw2022/Index.aspx?userType=1&employeeNo=2225015585,毕设管理系统（2022级）,毕设管理系统（2022级）,6,https://org.xjtu.edu.cn/fds//group1/M00/03/16/CjEWYF0ltlWAVPucAAAN3gxdQKw811.png,182
107,1541,http://10.184.207.134/authLogin?userType=1&employeeNo=2225015585,学生成长档案系统,学生成长档案系统,10,https://org.xjtu.edu.cn/fds//group1/M00/03/16/CjEWYF0ltlWAVPucAAAN3gxdQKw811.png,183
108,1540,http://fwzz.xjtu.edu.cn/cas/casLogin?userType=1&employeeNo=2225015585,西安交通大学公房招租管理系统,管理西安交通大学房屋招租业务,5,https://org.xjtu.edu.cn/fds//group1/M00/03/16/CjEWYF0ltlWAVPucAAAN3gxdQKw811.png,184
109,1536,http://cmsn.xjtu.edu.cn/iac/zxgk/gzzd.htm?userType=1&employeeNo=2225015585,分析测试中心,分测中心的服务,4,https://org.xjtu.edu.cn/fds//group1/M00/03/16/CjEWYF0ltlWAVPucAAAN3gxdQKw811.png,185
110,1534,http://10.184.198.11/goxjtuapi/mobile/index.php?act=netidlogin&userType=1&employeeNo=2225015585,“畅行交大”后台登陆-新,“畅行交大”后台登陆-新,5,https://org.xjtu.edu.cn/fds//group1/M00/03/16/CjEWYF0ltlWAVPucAAAN3gxdQKw811.png,188
111,1533,http://10.184.198.11/admin/#/login1?userType=1&employeeNo=2225015585,“畅行交大”校园交通管理服务平台-新,“畅行交大”校园交通管理服务平台-新,5,https://org.xjtu.edu.cn/fds//group1/M00/03/16/CjEWYF0ltlWAVPucAAAN3gxdQKw811.png,189
112,1529,https://pahw.xjtu.edu.cn/sso/callback?userType=1&employeeNo=2225015585,西安交通大学体美劳育人管理平台,研究生体美劳育人管理,6,https://org.xjtu.edu.cn/fds//group1/M00/03/16/CjEWYF0ltlWAVPucAAAN3gxdQKw811.png,192
113,1528,http://sfs.xjtu.edu.cn/system/resource/code/auth/clogin.jsp?userType=1&employeeNo=2225015585,外语学院,外语学院主页,6,https://org.xjtu.edu.cn/fds//group1/M00/03/16/CjEWYF0ltlWAVPucAAAN3gxdQKw811.png,193
114,1527,http://hqsd.xjtu.edu.cn/QmfServer/Api-Cas/xajtdxsv/xajtdx/Cas/Auth?userType=1&employeeNo=2225015585,后勤水电计费系统,水、电、暖气费用核算,10,https://org.xjtu.edu.cn/fds//group1/M00/03/16/CjEWYF0ltlWAVPucAAAN3gxdQKw811.png,194
115,1525,http://portal.chaoxing.com/sso/login/custom/xjtu?userType=1&employeeNo=2225015585,图书馆毕业季“圕情书忆”,图书馆，韩萌,4,https://org.xjtu.edu.cn/fds//group1/M00/03/16/CjEWYF0ltlWAVPucAAAN3gxdQKw811.png,195
116,1524,http://nic.xjtu.edu.cn/system/resource/code/auth/clogin.jsp?userType=1&employeeNo=2225015585,网络信息中心主页,网络信息中心主页,4,https://org.xjtu.edu.cn/fds//group1/M00/03/16/CjEWYF0ltlWAVPucAAAN3gxdQKw811.png,196
117,1523,http://wljsxy.xjtu.edu.cn/system/resource/code/auth/clogin.jsp?userType=1&employeeNo=2225015585,未来技术学院,未来技术学院官网,4,https://org.xjtu.edu.cn/fds//group1/M00/03/16/CjEWYF0ltlWAVPucAAAN3gxdQKw811.png,197
118,1522,https://rcs.xjtu.edu.cn/sso/callback?userType=1&employeeNo=2225015585,西安交通大学资源平台,教学资源平台,6,https://org.xjtu.edu.cn/fds//group1/M00/03/16/CjEWYF0ltlWAVPucAAAN3gxdQKw811.png,198
119,1521,http://yykf.xjtu.edu.cn/system/resource/code/auth/clogin.jsp?userType=1&employeeNo=2225015585,应用开放平台,调查问卷,3,https://org.xjtu.edu.cn/fds//group1/M00/03/16/CjEWYF0ltlWAVPucAAAN3gxdQKw811.png,199
120,1520,http://202.117.54.250/callback?userType=1&employeeNo=2225015585,GPU预约系统,GPU卡进行预约,6,https://org.xjtu.edu.cn/fds//group1/M00/03/16/CjEWYF0ltlWAVPucAAAN3gxdQKw811.png,200
121,1518,http://10.184.206.3/wel/index?userType=1&employeeNo=2225015585,学院选择系统-管理端,学院选择系统-管理端,6,https://org.xjtu.edu.cn/fds//group1/M00/03/16/CjEWYF0ltlWAVPucAAAN3gxdQKw811.png,201
122,1515,http://49.208.37.50/ranking/system/account/caslogin?userType=1&employeeNo=2225015585,大学排名数据采集及分析系统,国内外大学排名数据对比分析,4,https://org.xjtu.edu.cn/fds//group1/M00/03/16/CjEWYF0ltlWAVPucAAAN3gxdQKw811.png,203
123,1514,https://cas.xjtu.edu.cn/login?TARGET=http://10.100.6.24:*/&userType=1&employeeNo=2225015585,交大主站,交大门户,4,https://org.xjtu.edu.cn/fds//group1/M00/03/16/CjEWYF0ltlWAVPucAAAN3gxdQKw811.png,204
124,1513,http://10.184.203.130/xjtu_ksxt/Wap/Login/Login&responseType=code&scope=user_info&state=1234?userType=1&employeeNo=2225015585,实验室安全考试准入系统-2022-移动,实验室处，赵韫哲,6,https://org.xjtu.edu.cn/fds//group1/M00/03/16/CjEWYF0ltlWAVPucAAAN3gxdQKw811.png,205
125,1512,http://10.184.203.130/xjtu_ksxt/Login/Index/index?userType=1&employeeNo=2225015585,实验室安全考试准入系统-2022,实验室处，赵韫哲,6,https://org.xjtu.edu.cn/fds//group1/M00/03/16/CjEWYF0ltlWAVPucAAAN3gxdQKw811.png,206
126,1511,https://labsafety.xjtu.edu.cn/chem_api/base/login/loginForm?userType=1&employeeNo=2225015585,化学品管理系统-2022,对现有化学品管理系统升级，实验室赵韫哲,6,https://org.xjtu.edu.cn/fds//group1/M00/03/16/CjEWYF0ltlWAVPucAAAN3gxdQKw811.png,207
127,1510,http://10.184.201.89:80/auth/anonymous/login/cas?userType=1&employeeNo=2225015585,校级出入管理平台,校园出入设备统一管理系统，朱晓芒,1,https://org.xjtu.edu.cn/fds//group1/M00/03/16/CjEWYF0ltlWAVPucAAAN3gxdQKw811.png,208
128,1509,http://ysgl.xjtu.edu.cn/manage/casLogin?userType=1&employeeNo=2225015585,验收管理系统,验收管理系统，采购办，杨继华,3,https://org.xjtu.edu.cn/fds//group1/M00/03/16/CjEWYF0ltlWAVPucAAAN3gxdQKw811.png,209
129,1508,http://meeting.xjtu.edu.cn?userType=1&employeeNo=2225015585,学术资源平台,学术资源平台，蔡晓娟,6,https://org.xjtu.edu.cn/fds//group1/M00/03/16/CjEWYF0ltlWAVPucAAAN3gxdQKw811.png,210
130,1507,http://www.lib.xjtu.edu.cn/sso/login/custom/xjtu?userType=1&employeeNo=2225015585,图书馆门户,图书馆门户,6,https://org.xjtu.edu.cn/fds//group1/M00/03/16/CjEWYF0ltlWAVPucAAAN3gxdQKw811.png,211
131,1506,https://xjtujf.mh.chaoxing.com/sso/login/3rd/124202?userType=1&employeeNo=2225015585,教师教学发展信息化平台,杨梅,6,https://org.xjtu.edu.cn/fds//group1/M00/03/16/CjEWYF0ltlWAVPucAAAN3gxdQKw811.png,212
132,1504,http://kyzt.xjtu.edu.cn?userType=1&employeeNo=2225015585,抗疫专题网,抗疫，贺,4,https://org.xjtu.edu.cn/fds//group1/M00/03/16/CjEWYF0ltlWAVPucAAAN3gxdQKw811.png,214
133,1503,http://zlsy.xjtu.edu.cn/system/resource/code/auth/clogin.jsp?userType=1&employeeNo=2225015585,宗濂书院,宗濂,4,https://org.xjtu.edu.cn/fds//group1/M00/03/16/CjEWYF0ltlWAVPucAAAN3gxdQKw811.png,215
134,1502,https://ud.cingta.com/users/xjtu-login/?userType=1&employeeNo=2225015585,青塔认证系统,崔静茹，查询高教数据,4,https://org.xjtu.edu.cn/fds//group1/M00/03/16/CjEWYF0ltlWAVPucAAAN3gxdQKw811.png,216
135,1501,http://jiaocai1.lib.xjtu.edu.cn:9088/front/user/authLogin?userType=1&employeeNo=2225015585,课程教材门户数字加工平台,图书馆课程教材门户，本地部署数字加工平台,6,https://org.xjtu.edu.cn/fds//group1/M00/03/16/CjEWYF0ltlWAVPucAAAN3gxdQKw811.png,217
136,1500,http://gclass.xjtu.edu.cn/jiakt/login/oauth/callback?userType=1&employeeNo=2225015585,多屏协作教学系统,讨论型教室使用，覃,6,https://org.xjtu.edu.cn/fds//group1/M00/03/16/CjEWYF0ltlWAVPucAAAN3gxdQKw811.png,218
137,1499,http://49.208.37.123/?userType=1&employeeNo=2225015585,就业融合平台,就业相关数据融合服务，高瞻,6,https://org.xjtu.edu.cn/fds//group1/M00/03/16/CjEWYF0ltlWAVPucAAAN3gxdQKw811.png,219
138,1498,http://dclass.xjtu.edu.cn/sysmanagement/thirdPartySSO/xajd/20210108132?userType=1&employeeNo=2225015585,智慧教室分组研讨教学系统,教室内分组研讨，覃遵颖,6,https://org.xjtu.edu.cn/fds//group1/M00/03/16/CjEWYF0ltlWAVPucAAAN3gxdQKw811.png,220
139,1497,https://sec.xjtu.edu.cn/mm/auth?userType=1&employeeNo=2225015585,统一安全运营平台,统一安全运营平台,3,https://org.xjtu.edu.cn/fds//group1/M00/03/16/CjEWYF0ltlWAVPucAAAN3gxdQKw811.png,221
140,1496,http://49.208.37.41/manage/login/xjtu/oauth/manage?userType=1&employeeNo=2225015585,校园卡综合分析系统,校园卡综合分析系统,3,https://org.xjtu.edu.cn/fds//group1/M00/03/16/CjEWYF0ltlWAVPucAAAN3gxdQKw811.png,222
141,1495,http://wzxadls.xjtu.edu.cn/system/resource/code/auth/clogin.jsp?userType=1&employeeNo=2225015585,我最喜爱教师评选,我最喜爱教师评选,4,https://org.xjtu.edu.cn/fds//group1/M00/03/16/CjEWYF0ltlWAVPucAAAN3gxdQKw811.png,223
142,1494,http://jdcw.xjtu.edu.cn/system/resource/code/auth/clogin.jsp?userType=1&employeeNo=2225015585,财务处主页,财务处主页,4,https://org.xjtu.edu.cn/fds//group1/M00/03/16/CjEWYF0ltlWAVPucAAAN3gxdQKw811.png,224
143,1493,https://login.dev.xjtuana.cn/oauth2/xjtuorg/v1/callback?userType=1&employeeNo=2225015585,西交网管会通用服务平台2,西交网管会通用服务平台2,10,https://org.xjtu.edu.cn/fds//group1/M00/03/16/CjEWYF0ltlWAVPucAAAN3gxdQKw811.png,225
144,1492,https://login.xjtuana.cn/oauth2/xjtuorg/v1/callback?userType=1&employeeNo=2225015585,西交网管会通用服务平台1,西交网管会通用服务平台1,10,https://org.xjtu.edu.cn/fds//group1/M00/03/16/CjEWYF0ltlWAVPucAAAN3gxdQKw811.png,226
145,1491,http://wlaq.xjtu.edu.cn/system/resource/code/auth/clogin.jsp?userType=1&employeeNo=2225015585,网络安全专题网,网络安全资讯服务,4,https://org.xjtu.edu.cn/fds//group1/M00/03/16/CjEWYF0ltlWAVPucAAAN3gxdQKw811.png,227
146,1487,http://oc.zhihuishu.com/oauth/callback/xjtu?userType=1&employeeNo=2225015585,智慧教学平台（智慧树知到）,基于信息技术与教育教学深度融合的教学改革,6,https://org.xjtu.edu.cn/fds//group1/M00/03/16/CjEWYF0ltlWAVPucAAAN3gxdQKw811.png,230
147,1486,http://xjtu.fysso.chaoxing.com/oauthsso/xjtu?userType=1&employeeNo=2225015585,智慧教学平台（超星泛雅）,基于信息技术与教育教学深度融合的教学改革,6,https://org.xjtu.edu.cn/fds//group1/M00/03/16/CjEWYF0ltlWAVPucAAAN3gxdQKw811.png,231
148,1485,http://49.208.37.57/api/cas_login_app?userType=1&employeeNo=2225015585,实验室安全巡检,用于实验室检查的全流程管理的移动端系统,6,https://org.xjtu.edu.cn/fds//group1/M00/03/16/CjEWYF0ltYmAF0-kAAAG0iE2-KU775.png,232
149,1484,http://49.208.37.57/api/cas_login?userType=1&employeeNo=2225015585,实验室安全巡检系统,用于实验室检查的全流程管理的系统,6,https://org.xjtu.edu.cn/fds//group1/M00/03/16/CjEWYF0ltlWAVPucAAAN3gxdQKw811.png,233
150,1483,http://vi.xjtu.edu.cn/system/resource/code/auth/clogin.jsp?userType=1&employeeNo=2225015585,视觉形象识别系统,为师生提供学校vilogo等素材,3,https://org.xjtu.edu.cn/fds//group1/M00/03/16/CjEWYF0ltlWAVPucAAAN3gxdQKw811.png,234
151,1482,http://yzjc.xjtu.edu.cn/admissionsDecisions/index.html?userType=1&employeeNo=2225015585,研究生招生自命题管理系统,以自命题试题管理和招生计划管理为核心,6,https://org.xjtu.edu.cn/fds//group1/M00/03/16/CjEWYF0ltlWAVPucAAAN3gxdQKw811.png,235
152,1481,http://49.208.37.141:8090/web/employmanage/manageCenter/friendshipLink?userType=1&employeeNo=2225015585,就业大数据平台2,就业大数据,6,https://org.xjtu.edu.cn/fds//group1/M00/03/16/CjEWYF0ltlWAVPucAAAN3gxdQKw811.png,236
153,1480,http://xjjob.xjtu.edu.cn/web/student/login?userType=1&employeeNo=2225015585,就业大数据平台1,就业大数据,6,https://org.xjtu.edu.cn/fds//group1/M00/03/16/CjEWYF0ltlWAVPucAAAN3gxdQKw811.png,237
154,1479,http://219.245.40.176:8080/system/login.jsp?userType=1&employeeNo=2225015585,综合信息服务导航,info,4,https://org.xjtu.edu.cn/fds//group1/M00/03/16/CjEWYF0ltlWAVPucAAAN3gxdQKw811.png,238
155,1478,http://gwyy.xjtu.edu.cn/console/sso/callback?userType=1&employeeNo=2225015585,共享工位预约-管理端,共享工位预约，管理端,6,https://org.xjtu.edu.cn/fds//group1/M00/03/16/CjEWYF0ltlWAVPucAAAN3gxdQKw811.png,239
156,1477,http://gwyy.xjtu.edu.cn/app/sso/callback?userType=1&employeeNo=2225015585,共享工位预约-教师端,共享工位预约，教师,6,https://org.xjtu.edu.cn/fds//group1/M00/03/16/CjEWYF0ltlWAVPucAAAN3gxdQKw811.png,240
157,1474,https://express.xjtu.edu.cn/goxjtuapi/mobile/index.php?act=netidbind&userType=1&employeeNo=2225015585,“畅行交大”h5页面绑定,“畅行交大”h5页面绑定,3,https://org.xjtu.edu.cn/fds//group1/M00/03/16/CjEWYF0ltlWAVPucAAAN3gxdQKw811.png,242
158,1473,http://express.xjtu.edu.cn/goxjtuapi/mobile/index.php?act=netidlogin&userType=1&employeeNo=2225015585,“畅行交大”后台登陆,“畅行交大”后台登陆,3,https://org.xjtu.edu.cn/fds//group1/M00/03/16/CjEWYF0ltlWAVPucAAAN3gxdQKw811.png,243
159,1472,http://table.xjtu.edu.cn/wel/index?userType=1&employeeNo=2225015585,数据采集服务系统,学校表单、电子表格数据采集服务。,3,https://org.xjtu.edu.cn/fds//group1/M00/03/16/CjEWYF0ltlWAVPucAAAN3gxdQKw811.png,244
160,1471,https://xsxb.xjtu.edu.cn/jwapp/sys/funauthapp/login/dologin.do?userType=1&employeeNo=2225015585,新生选拔-pc,新生选拔-pc,6,https://org.xjtu.edu.cn/fds//group1/M00/03/16/CjEWYF0ltlWAVPucAAAN3gxdQKw811.png,245
161,1470,http://49.208.39.4:8899/redirect?userType=1&employeeNo=2225015585,金山办公软件,校园正版软件：金山文档、WPS、WPS,3,https://org.xjtu.edu.cn/fds//group1/M00/03/16/CjEWYF0ltlWAVPucAAAN3gxdQKw811.png,246
162,1461,http://pts.xjtu.edu.cn/bylw/Index.aspx?userType=1&employeeNo=2225015585,毕设管理系统,实践教学中心，张彦鹏,6,https://org.xjtu.edu.cn/fds//group1/M00/03/16/CjEWYF0ltlWAVPucAAAN3gxdQKw811.png,248
163,1464,https://xkfw.xjtu.edu.cn/xsxkapp/sys/xsxkapp/login/dologin.do?userType=1&employeeNo=2225015585,选课服务,选课测试,6,https://org.xjtu.edu.cn/fds//group1/M00/03/16/CjEWYF0ltlWAVPucAAAN3gxdQKw811.png,251
164,1463,http://gwyy.xjtu.edu.cn:3000/sso/callback?userType=1&employeeNo=2225015585,西安交通大学共享工位预约系统,为所有教职工提供共享工位的预约管理服务,3,https://org.xjtu.edu.cn/fds//group1/M00/03/16/CjEWYF0ltlWAVPucAAAN3gxdQKw811.png,252
165,1460,http://yundang.xjtu.edu.cn:8099/login?userType=1&employeeNo=2225015585,云档存储系统,各类需要归档的电子档案等,3,https://org.xjtu.edu.cn/fds//group1/M00/03/16/CjEWYF0ltlWAVPucAAAN3gxdQKw811.png,253
166,1458,http://49.208.37.16:8080/gradmin?userType=1&employeeNo=2225015585,教师个人主页后台管理,教师主页信息管理,6,https://org.xjtu.edu.cn/fds//group1/M00/03/16/CjEWYF0ltlWAVPucAAAN3gxdQKw811.png,255
167,1467,http://xsxb.xjtu.edu.cn?userType=1&employeeNo=2225015585,新生选拔-,新生选拔,6,https://org.xjtu.edu.cn/fds//group1/M00/03/16/CjEWYF0ltlWAVPucAAAN3gxdQKw811.png,256
168,1455,http://gsa.xjtu.edu.cn/zftal-xgxt-web/teacher/xtgl/index/getUserInfoByAccessToken.zf?userType=1&employeeNo=2225015585,研究生工作管理服务平台,学生工作管理服务平台,6,https://org.xjtu.edu.cn/fds//group1/M00/03/16/CjEWYF0ltlWAVPucAAAN3gxdQKw811.png,257
169,1454,http://ewess.xjtu.edu.cn?userType=1&employeeNo=2225015585,能源服务水电费自助系统,学生公寓电费收费,2,https://org.xjtu.edu.cn/fds//group1/M00/03/16/CjEWYV0lttOAHrwsAAAEnhLXhAo969.png,258
170,1452,http://dangshi.xjtu.edu.cn/system/resource/code/auth/clogin.jsp?userType=1&employeeNo=2225015585,党史学习教育网,党史学习网站用于发放调查问卷,4,https://org.xjtu.edu.cn/fds//group1/M00/03/16/CjEWYF0ltlWAVPucAAAN3gxdQKw811.png,259
171,1451,http://xjtu.yitlink.com/dologin?userType=1&employeeNo=2225015585,图书馆电子资源远程授权访问系统,电子资源导航，远程授权访问功能,6,https://org.xjtu.edu.cn/fds//group1/M00/03/16/CjEWYF0ltlWAVPucAAAN3gxdQKw811.png,260
172,1449,https://job.xjtu.edu.cn/xsfw/sys/emaphome/portal/index.do?userType=1&employeeNo=2225015585,就业创业综合管理服务平台,就业业务在线,3,https://org.xjtu.edu.cn/fds//group1/M00/03/16/CjEWYF0ltlWAVPucAAAN3gxdQKw811.png,261
173,1448,http://202.117.38.209:8080/api/user/backmsg?userType=1&employeeNo=2225015585,教师平台-测试,教师平台-测试,3,https://org.xjtu.edu.cn/fds//group1/M00/03/16/CjEWYF0ltlWAVPucAAAN3gxdQKw811.png,262
174,1443,http://xjtudangshi.mh.chaoxing.com/sso/login/custom/xjtu?userType=1&employeeNo=2225015585,党史学习专题网站,图书馆为促进我校师生党史学习教育搭建网站,3,https://org.xjtu.edu.cn/fds//group1/M00/03/16/CjEWYF0ltlWAVPucAAAN3gxdQKw811.png,266
175,1439,http://202.117.17.144/xjtu/cas/oauth2url.html?userType=1&employeeNo=2225015585,体育场馆预订-web,体育场馆预订web,10,https://org.xjtu.edu.cn/fds//group1/M00/03/16/CjEWYF0ltlWAVPucAAAN3gxdQKw811.png,270
176,1437,https://ioc.xjtu.edu.cn/oauth/getTokenByCode?userType=1&employeeNo=2225015585,统一运营中心IOC-沉浸式统一管理门户,汇集网络、后勤能源、安防等校务应用,3,https://org.xjtu.edu.cn/fds//group1/M00/03/16/CjEWYF0ltlWAVPucAAAN3gxdQKw811.png,272
177,1432,http://international.xjtu.edu.cn/system/resource/code/auth/clogin.jsp?userType=1&employeeNo=2225015585,国际处,国际处,3,https://org.xjtu.edu.cn/fds//group1/M00/03/16/CjEWYF0ltlWAVPucAAAN3gxdQKw811.png,276
178,1431,http://kh.xjtu.edu.cn/ext/login4.jsp?userType=1&employeeNo=2225015585,考核管理平台（测评管理员）,考核管理平台（测评管理员）,3,https://org.xjtu.edu.cn/fds//group1/M00/03/16/CjEWYF0ltlWAVPucAAAN3gxdQKw811.png,277
179,1430,http://kh.xjtu.edu.cn/ext/login3.jsp?userType=1&employeeNo=2225015585,考核管理平台（单位管理员）,考核管理平台（单位管理员）,3,https://org.xjtu.edu.cn/fds//group1/M00/03/16/CjEWYF0ltlWAVPucAAAN3gxdQKw811.png,278
180,1429,http://kh.xjtu.edu.cn/ext/login2.jsp?userType=1&employeeNo=2225015585,考核管理平台（被测评人员）,考核管理平台（被测评人员）,3,https://org.xjtu.edu.cn/fds//group1/M00/03/16/CjEWYF0ltlWAVPucAAAN3gxdQKw811.png,279
181,1427,http://bm.xjtu.edu.cn/system/resource/code/auth/clogin.jsp?userType=1&employeeNo=2225015585,保密办,为师生提供相关资讯信息,3,https://org.xjtu.edu.cn/fds//group1/M00/03/16/CjEWYF0ltlWAVPucAAAN3gxdQKw811.png,280
182,1426,http://jdwxpt.xjtu.edu.cn/htwx/OAuthPageXJTU?userType=1&employeeNo=2225015585,财务处微信公众号,财务处微信公众号,2,https://org.xjtu.edu.cn/fds//group1/M00/03/16/CjEWYF0ltlWAVPucAAAN3gxdQKw811.png,281
183,1424,http://xxpt.xjtu.edu.cn/netidlogin.html?userType=1&employeeNo=2225015585,统战学习平台-微信,统战学习平台-微信,3,https://org.xjtu.edu.cn/fds//group1/M00/03/16/CjEWYF0ltlWAVPucAAAN3gxdQKw811.png,283
184,1423,https://FINPortal.xjtu.edu.cn/FINPortal/casXjdLogin?userType=1&employeeNo=2225015585,财务网上综合服务平台,为师生提供财务相关服务,3,https://org.xjtu.edu.cn/fds//group1/M00/03/16/CjEWYF0ltciAFgiZAAAErwkh5Uc408.png,284
185,1422,http://xxpt.xjtu.edu.cn?userType=1&employeeNo=2225015585,统战学习平台,统战学习平台,3,https://org.xjtu.edu.cn/fds//group1/M00/03/16/CjEWYF0ltlWAVPucAAAN3gxdQKw811.png,285
186,1421,https://cas.xjtu.edu.cn/login?TARGET=http://ht.xjtu.edu.cn/&userType=1&employeeNo=2225015585,合同登记系统,合同,3,https://org.xjtu.edu.cn/fds//group1/M00/03/16/CjEWYF0ltlWAVPucAAAN3gxdQKw811.png,286
187,1419,http://express.xjtu.edu.cn/#/login1?userType=1&employeeNo=2225015585,“畅行交大”微信服务平台,面向教职工、校内商户和校外人员的服务平台,10,https://org.xjtu.edu.cn/fds//group1/M00/03/16/CjEWYF0ltlWAVPucAAAN3gxdQKw811.png,288
188,1415,http://219.245.40.83/ydapp/ht/xjtu/salary.html?userType=1&employeeNo=2225015585,工资查询-pc,工资查询-pc,2,https://org.xjtu.edu.cn/fds//group1/M00/03/16/CjEWYF0ltlWAVPucAAAN3gxdQKw811.png,292
189,1412,http://tzgz.xjtu.edu.cn/login?userType=1&employeeNo=2225015585,党外教工信息系统,统战对象为中心，管理信息化、数据标准化,3,https://org.xjtu.edu.cn/fds//group1/M00/03/16/CjEWYF0ltlWAVPucAAAN3gxdQKw811.png,295
190,1410,http://one2020.xjtu.edu.cn/EIP/nonlogin/edu/oauth2LoginForMobile.htm?userType=1&employeeNo=2225015585,师生服务大厅-移动,师生服务大厅-移动测试,3,https://org.xjtu.edu.cn/fds//group1/M00/03/16/CjEWYF0ltlWAVPucAAAN3gxdQKw811.png,297
191,1409,https://c1.xjtu.edu.cn:9002/oauth/callback?userType=1&employeeNo=2225015585,高性能计算平台计算集群门户,高性能计算平台计算集群门户,6,https://org.xjtu.edu.cn/fds//group1/M00/03/16/CjEWYF0ltYmAF0-kAAAG0iE2-KU775.png,298
192,1407,http://cxmrw.xjtu.edu.cn/f/caslogin?userType=1&employeeNo=2225015585,创新每日问,创新每日问,10,https://org.xjtu.edu.cn/fds//group1/M00/03/16/CjEWYF0ltlWAVPucAAAN3gxdQKw811.png,300
193,1406,https://weiban.mycourse.cn/pharos/login/xnjtdx/4161010698/loginByXnjtdx.do?userType=1&employeeNo=2225015585,“安全微伴”新生在线安全教育平台,素质测评、学习考试、安全文化、学习过程,10,https://org.xjtu.edu.cn/fds//group1/M00/03/16/CjEWYF0ltlWAVPucAAAN3gxdQKw811.png,301
194,1405,http://one2020.xjtu.edu.cn/EIP/nonlogin/edu/oauth2Login.htm?userType=1&employeeNo=2225015585,师生综合服务大厅,师生综合服务大厅,3,https://org.xjtu.edu.cn/fds//group1/M00/03/16/CjEWYF0ltlWAVPucAAAN3gxdQKw811.png,302
195,1403,http://stat.lib.xjtu.edu.cn/dologin/?userType=1&employeeNo=2225015585,西安交通大学电子资源服务平台,电子资源数据库导航、期刊导航、资源搜索,6,https://org.xjtu.edu.cn/fds//group1/M00/03/16/CjEWYF0ltlWAVPucAAAN3gxdQKw811.png,303
196,1402,http://202.117.17.134?userType=1&employeeNo=2225015585,OA测试-oatest-PC,OA测试机134,3,https://org.xjtu.edu.cn/fds//group1/M00/03/16/CjEWYF0ltlWAVPucAAAN3gxdQKw811.png,304
197,1401,http://10.181.7.21:9003/Index/?userType=1&employeeNo=2225015585,创新学生食堂智能自助人脸识别结算系统,结算不排队；卡、码、人脸支付；数据统计,1,https://org.xjtu.edu.cn/fds//group1/M00/03/16/CjEWYF0ltlWAVPucAAAN3gxdQKw811.png,305
198,1396,http://teachers.xjtu.edu.cn/web/xjtuteacher/caslogin?userType=1&employeeNo=2225015585,教师个人主页-新,教师个人主页,6,https://org.xjtu.edu.cn/fds//group1/M00/03/16/CjEWYF0ltlWAVPucAAAN3gxdQKw811.png,308
199,1395,http://10.49.36.2:8080/system/caslogin.jsp?userType=1&employeeNo=2225015585,新闻网,新闻网,4,https://org.xjtu.edu.cn/fds//group1/M00/03/16/CjEWYF0ltlWAVPucAAAN3gxdQKw811.png,309
200,1394,http://mall.xjtu.edu.cn/DS-Auth/casLogin?userType=1&employeeNo=2225015585,采购管理信息系统-电商平台,采购管理信息系统-电商平台,3,https://org.xjtu.edu.cn/fds//group1/M00/03/16/CjEWYF0ltlWAVPucAAAN3gxdQKw811.png,310
201,1393,http://health.xjtu.edu.cn/homePage/index1?userType=1&employeeNo=2225015585,健康体检微信预约,健康体检微信预约,10,https://org.xjtu.edu.cn/fds//group1/M00/03/16/CjEWYF0ltlWAVPucAAAN3gxdQKw811.png,311
202,1391,http://yjskq.xjtu.edu.cn/berserker-auth/auth/attendance-pc-callName/casReturn?userType=1&employeeNo=2225015585,研究生考勤点名,点名,6,https://org.xjtu.edu.cn/fds//group1/M00/03/16/CjEWYF0ltlWAVPucAAAN3gxdQKw811.png,312
203,1390,http://bkkq.xjtu.edu.cn/berserker-auth/auth/attendance-pc-callName/casReturn?userType=1&employeeNo=2225015585,本科考勤点名,本科考勤系统,6,https://org.xjtu.edu.cn/fds//group1/M00/03/16/CjEWYF0ltlWAVPucAAAN3gxdQKw811.png,313
204,1388,https://wxjf.xjtu.edu.cn/login-indentify?userType=1&employeeNo=2225015585,网信缴费平台,教学区、家属区现有缴费业务的在线缴费。,10,https://org.xjtu.edu.cn/fds//group1/M00/03/16/CjEWYF0ltlWAVPucAAAN3gxdQKw811.png,314
205,1387,https://365.xjtu.edu.cn/api/xjtuorg/v1/callback?userType=1&employeeNo=2225015585,Office365 教育版自助申请平台,offic365自助申请平台-https,10,https://org.xjtu.edu.cn/fds//group1/M00/03/16/CjEWYF0ltlWAVPucAAAN3gxdQKw811.png,315
206,1386,http://365.xjtu.edu.cn/api/casproxy/v1/callback?userType=1&employeeNo=2225015585,Office365 教育版自助申请平台-,offic365自助申请平台-http,10,https://org.xjtu.edu.cn/fds//group1/M00/03/16/CjEWYF0ltlWAVPucAAAN3gxdQKw811.png,316
207,1384,http://eps.xjtu.edu.cn/xsfw/sys/swmyxdpappxjtu/*default/index.do?userType=1&employeeNo=2225015585,新生入校纪念照,西安交通大学欢迎您,10,https://org.xjtu.edu.cn/fds//group1/M00/07/43/CjEWYV9Dhg2AN1dhAAALTSFX20w777.png,318
208,1382,http://jw.xjtu.edu.cn/system/resource/code/auth/clogin.jsp?userType=1&employeeNo=2225015585,纪委,纪委,3,https://org.xjtu.edu.cn/fds//group1/M00/03/16/CjEWYF0ltlWAVPucAAAN3gxdQKw811.png,320
209,1374,http://hello.xjtu.edu.cn/yingxin/login/xjtu/oauth/manage?userType=1&employeeNo=2225015585,迎新注册离校系统-管理端,迎新注册离校系统-管理端,6,https://org.xjtu.edu.cn/fds//group1/M00/03/16/CjEWYF0ltlWAVPucAAAN3gxdQKw811.png,322
210,1372,http://bkkq.xjtu.edu.cn/berserker-auth/auth/attendance-pc/casReturn?userType=1&employeeNo=2225015585,本科考勤系统,本科考勤系统,6,https://org.xjtu.edu.cn/fds//group1/M00/03/16/CjEWYF0ltlWAVPucAAAN3gxdQKw811.png,323
211,1369,http://skc.xjtu.edu.cn/system/resource/code/auth/clogin.jsp?userType=1&employeeNo=2225015585,社科处网站,社科处网站,3,https://org.xjtu.edu.cn/fds//group1/M00/03/16/CjEWYF0ltlWAVPucAAAN3gxdQKw811.png,324
212,1367,https://cas.xjtu.edu.cn/login?TARGET=https://zzzs.xjtu.edu.cn/&userType=1&employeeNo=2225015585,单独招生报名系统c,单独招生报名系统,6,https://org.xjtu.edu.cn/fds//group1/M00/03/16/CjEWYF0ltlWAVPucAAAN3gxdQKw811.png,326
213,1362,http://webvpn.xjtu.edu.cn/login?oauth_login=true&userType=1&employeeNo=2225015585,校园WEBVPN系统-新,校园WEBVPN系统,6,https://org.xjtu.edu.cn/fds//group1/M00/03/16/CjEWYF0ltlWAVPucAAAN3gxdQKw811.png,328
214,1361,http://202.117.24.12:8080/system/resource/byj/byj3.jsp?userType=1&employeeNo=2225015585,图书馆毕业季-移动端,生成毕业生图书馆借阅记录书单,6,https://org.xjtu.edu.cn/fds//group1/M00/03/16/CjEWYF0ltlWAVPucAAAN3gxdQKw811.png,329
215,1360,http://web.lib.xjtu.edu.cn/system/resource/byj/pc/byj3.jsp?userType=1&employeeNo=2225015585,图书馆毕业季,生成毕业生图书馆借阅记录书单,6,https://org.xjtu.edu.cn/fds//group1/M00/03/16/CjEWYF0ltlWAVPucAAAN3gxdQKw811.png,330
216,1359,http://zx.lib.xjtu.edu.cn:8088/auth/login/?userType=1&employeeNo=2225015585,科技查新申请处理系统,该系统提供读者的科技查新申请的处理功能。,6,https://org.xjtu.edu.cn/fds//group1/M00/03/16/CjEWYF0ltlWAVPucAAAN3gxdQKw811.png,331
217,1358,http://49.208.40.53/fms/login.html?userType=1&employeeNo=2225015585,教育基金捐赠管理系统,基金会捐赠项目管理,3,https://org.xjtu.edu.cn/fds//group1/M00/03/16/CjEWYF0ltlWAVPucAAAN3gxdQKw811.png,332
218,1357,http://user.ms.xjtu.edu.cn/login?userType=1&employeeNo=2225015585,校园正版软件平台,校园正版软件下载激活,3,https://org.xjtu.edu.cn/fds//group1/M00/03/16/CjEWYF0ltlWAVPucAAAN3gxdQKw811.png,333
219,1355,http://xkb.xjtu.edu.cn/system/resource/code/auth/clogin.jsp?userType=1&employeeNo=2225015585,学科办,向师生提供信息展示,3,https://org.xjtu.edu.cn/fds//group1/M00/03/16/CjEWYF0ltlWAVPucAAAN3gxdQKw811.png,334
220,1354,http://rm.dora.lib.xjtu.edu.cn/webrm/navn/oauth?userType=1&employeeNo=2225015585,网络数据库与期刊导航（测试版）,访问数据库电子资源，利用情况统计,6,https://org.xjtu.edu.cn/fds//group1/M00/03/16/CjEWYF0ltlWAVPucAAAN3gxdQKw811.png,335
221,1353,https://sslvpn.xjtu.edu.cn/auth/thdportal_validate?userType=1&employeeNo=2225015585,校园SSL VPN,校园SSL VPN认证,3,https://org.xjtu.edu.cn/fds//group1/M00/03/16/CjEWYF0ltlWAVPucAAAN3gxdQKw811.png,336
222,1351,http://zx.lib.xjtu.edu.cn:8086/auth/login/?userType=1&employeeNo=2225015585,科技查新申请系统,为读者提供科技查新的申请处理业务,6,https://org.xjtu.edu.cn/fds//group1/M00/03/16/CjEWYF0ltlWAVPucAAAN3gxdQKw811.png,338
223,1348,https://3sj.xjtu.edu.cn/yzjc/authLogin?userType=1&employeeNo=2225015585,研究生面试三随机系统--备用,研究生面试三随机,6,https://org.xjtu.edu.cn/fds//group1/M00/03/16/CjEWYF0ltlWAVPucAAAN3gxdQKw811.png,339
224,1344,https://3sj.xjtu.edu.cn/pages/login?userType=1&employeeNo=2225015585,研究生面试三随机系统,完成研究生面试考场、考生、导师三随机功能,6,https://org.xjtu.edu.cn/fds//group1/M00/03/16/CjEWYF0ltlWAVPucAAAN3gxdQKw811.png,342
225,1343,http://yjsmp.xjtu.edu.cn/xsfw/sys/yjsmsxxcjappxjtu/*default/index.do?userType=1&employeeNo=2225015585,博士招生信息采集系统,复试,6,https://org.xjtu.edu.cn/fds//group1/M00/03/16/CjEWYF0ltlWAVPucAAAN3gxdQKw811.png,343
226,1342,https://10.184.13.6/index.php/Public/index?userType=1&employeeNo=2225015585,运维安全管理与审计系统,维护过程全面跟踪；细粒度权限，全过程记录,3,https://org.xjtu.edu.cn/fds//group1/M00/03/16/CjEWYF0ltlWAVPucAAAN3gxdQKw811.png,344
227,1334,http://nsa.xjtu.edu.cn/zftal-xgxt-web/teacher/xtgl/index/getUserInfoByAccessToken.zf?userType=1&employeeNo=2225015585,学生工作管理服务平台,学生工作管理服务平台,6,https://org.xjtu.edu.cn/fds//group1/M00/03/16/CjEWYF0ltlWAVPucAAAN3gxdQKw811.png,350
228,1331,http://rg.lib.xjtu.edu.cn:8086/auth/login/?userType=1&employeeNo=2225015585,图书馆入馆预约,为读者提供入馆及各项业务的预约申请服务,6,https://org.xjtu.edu.cn/fds//group1/M00/03/16/CjEWYF0ltlWAVPucAAAN3gxdQKw811.png,353
229,1330,http://202.117.17.164:80/XK-Web/userLogin.netIdLogin.action?userType=1&employeeNo=2225015585,一流大学建设项目管理系统,全校一流大学建设项目库的执行管理,6,https://org.xjtu.edu.cn/fds//group1/M00/03/16/CjEWYF0ltlWAVPucAAAN3gxdQKw811.png,354
230,1329,http://202.117.18.199?userType=1&employeeNo=2225015585,多校区网络信息用户服务管理综合平台,网络信息中心用户服务终端机应用系统,3,https://org.xjtu.edu.cn/fds//group1/M00/03/16/CjEWYF0ltlWAVPucAAAN3gxdQKw811.png,355
231,1328,http://portal.chaoxing.com/sso/login/custom/xjtu?userType=1&employeeNo=2225015585,西安交通大学课程教材门户,课程教材门户，满足线上教学对教材教参需求,6,https://org.xjtu.edu.cn/fds//group1/M00/03/16/CjEWYF0ltlWAVPucAAAN3gxdQKw811.png,356
232,1327,https://cloud.xjtu.edu.cn/dzkf/sso/dologin/callback?userType=1&employeeNo=2225015585,创新港云平台,软硬件资源，云主机、云存储、云数据库等,3,https://org.xjtu.edu.cn/fds//group1/M00/03/16/CjEWYF0ltlWAVPucAAAN3gxdQKw811.png,357
233,1326,http://print.xjtu.edu.cn/dev/auth!manager_auth.action?userType=1&employeeNo=2225015585,研究生院自助打印机后台,研究生院自助打印机后台管理系统,6,https://org.xjtu.edu.cn/fds//group1/M00/03/16/CjEWYF0ltlWAVPucAAAN3gxdQKw811.png,358
234,1325,https://self.xjtu.edu.cn/selfnet/oss/login/?userType=1&employeeNo=2225015585,西安交通大学四网融合运营平台,宽带业务对接，用户服务系统，统一运营管理,5,https://org.xjtu.edu.cn/fds//group1/M00/03/16/CjEWYF0ltlWAVPucAAAN3gxdQKw811.png,359
235,1322,http://219.245.40.176:8080/system/login.jsp?userType=1&employeeNo=2225015585,综合信息服务导航-,资讯发布,3,https://org.xjtu.edu.cn/fds//group1/M00/03/16/CjEWYF0ltlWAVPucAAAN3gxdQKw811.png,361
236,1321,http://thesis.lib.xjtu.edu.cn:8080/dms/search!search?userType=1&employeeNo=2225015585,学位论文管理系统,提供学位论文全文的版权保护和访问控制,6,https://org.xjtu.edu.cn/fds//group1/M00/03/16/CjEWYF0ltxeAG5APAAAHiivxV_M282.png,362
237,1320,http://10.49.36.2:8080/system/contribute/caslogin.jsp?userType=1&employeeNo=2225015585,新闻投稿系统,学校新版新闻网投稿系统,3,https://org.xjtu.edu.cn/fds//group1/M00/03/16/CjEWYF0ltxeAG5APAAAHiivxV_M282.png,363
238,1316,https://cas.xjtu.edu.cn/login?TARGET=http*://changjiang.yuketang.cn/&userType=1&employeeNo=2225015585,长江雨课堂,提供覆盖教学过程的在线教学服务,6,https://org.xjtu.edu.cn/fds//group1/M00/03/16/CjEWYF0ltlWAVPucAAAN3gxdQKw811.png,365
239,1315,http://express.xjtu.edu.cn/admin/#/login1?userType=1&employeeNo=2225015585,“畅行交大”校园交通管理服务平台,提供交通信息、费用查缴、校内导航服务,5,https://org.xjtu.edu.cn/fds//group1/M00/03/16/CjEWYV0lt8GAGkR3AAAF3GyxXwc340.png,366
240,1309,https://skyclass.xjtu.edu.cn?userType=1&employeeNo=2225015585,skyclass webRTC直播系统,直播交互 网络直播,6,https://org.xjtu.edu.cn/fds//group1/M00/03/16/CjEWYF0ltlWAVPucAAAN3gxdQKw811.png,369
241,1308,http://v.xjtu.edu.cn?userType=1&employeeNo=2225015585,思源直播平台-v,校园直播平台,3,https://org.xjtu.edu.cn/fds//group1/M00/03/16/CjEWYF0ltlWAVPucAAAN3gxdQKw811.png,370
242,1307,http://zhibo.xjtu.edu.cn?userType=1&employeeNo=2225015585,思源直播平台,校园直播平台,3,https://org.xjtu.edu.cn/fds//group1/M00/03/16/CjEWYF0ltlWAVPucAAAN3gxdQKw811.png,371
243,1306,https://webvpn.xjtu.edu.cn?userType=1&employeeNo=2225015585,校园WEBVPN系统-https,采用WEB方式提供师生VPN服务,6,https://org.xjtu.edu.cn/fds//group1/M00/03/16/CjEWYV0lt8GAGkR3AAAF3GyxXwc340.png,372
244,1305,http://silkroad.yitlink.com/dologin/?userType=1&employeeNo=2225015585,数字资源合理使用与分析服务,丝路科技知识服务平台数字资源合理使用,6,https://org.xjtu.edu.cn/fds//group1/M00/03/16/CjEWYF0ltxeAG5APAAAHiivxV_M282.png,373
245,1304,https://idp.xjtu.edu.cn/idp/Authn/ExtOauth2?conversation=e1s1&userType=1&employeeNo=2225015585,图书馆电子资源访问身份认证系统,IdP认证服务，方便在校外访问电子资源。,6,https://org.xjtu.edu.cn/fds//group1/M00/03/16/CjEWYV0lt1OAYmXkAAADVFrWIZA709.png,374
246,1303,http://webvpn.xjtu.edu.cn/login?userType=1&employeeNo=2225015585,校园WEBVPN系统,采用WEB方式提供师生VPN服务,3,https://org.xjtu.edu.cn/fds//group1/M00/03/16/CjEWYV0lt8GAGkR3AAAF3GyxXwc340.png,375
247,1297,http://dwzzb.xjtu.edu.cn/system/resource/code/auth/clogin.jsp?userType=1&employeeNo=2225015585,cmsm站群 智慧党建平台,cmsm站群 智慧党建平台,3,https://org.xjtu.edu.cn/fds//group1/M00/03/16/CjEWYV0lt8GAGkR3AAAF3GyxXwc340.png,379
248,1296,http://www.dpm.xjtu.edu.cn/system/resource/code/auth/clogin.jsp?userType=1&employeeNo=2225015585,cmsm站群 实验室与资产管理处,cmsm站群 实验室与资产管理处,3,https://org.xjtu.edu.cn/fds//group1/M00/03/16/CjEWYV0lt8GAGkR3AAAF3GyxXwc340.png,380
249,1295,http://hr.xjtu.edu.cn/system/resource/code/auth/clogin.jsp?userType=1&employeeNo=2225015585,cmsm站群 教师工作部/人力资源部,cmsm站群 教师工作部/人力资源部,3,https://org.xjtu.edu.cn/fds//group1/M00/03/16/CjEWYV0lt8GAGkR3AAAF3GyxXwc340.png,381
250,1294,http://nic.xjtu.edu.cn/system/resource/code/auth/clogin.jsp?userType=1&employeeNo=2225015585,cmsm站群 网络信息中心,cmsm站群 网络信息中心,3,https://org.xjtu.edu.cn/fds//group1/M00/03/16/CjEWYV0lt8GAGkR3AAAF3GyxXwc340.png,382
251,1293,http://office.xjtu.edu.cn/system/resource/code/cas/caslogin.jsp?userType=1&employeeNo=2225015585,cms站群 两办主页,cms站群 两办主页,3,https://org.xjtu.edu.cn/fds//group1/M00/03/16/CjEWYV0lt8GAGkR3AAAF3GyxXwc340.png,383
252,1292,http://qu.xjtu.edu.cn/system/resource/code/cas/caslogin.jsp?userType=1&employeeNo=2225015585,cms站群  问卷调查网,cms站群  问卷调查网,3,https://org.xjtu.edu.cn/fds//group1/M00/03/16/CjEWYV0lt8GAGkR3AAAF3GyxXwc340.png,384
253,1291,http://zzbkhb.xjtu.edu.cn/system/resource/code/cas/caslogin.jsp?userType=1&employeeNo=2225015585,cms站群 组织部考核与绩效评估办公室,cms站群 组织部考核与绩效评估办公室,3,https://org.xjtu.edu.cn/fds//group1/M00/03/16/CjEWYV0lt8GAGkR3AAAF3GyxXwc340.png,385
254,1290,http://sfs.xjtu.edu.cn/system/resource/code/cas/caslogin.jsp?userType=1&employeeNo=2225015585,cms站群 外国语学院,cms站群和cmsm站群,3,https://org.xjtu.edu.cn/fds//group1/M00/03/16/CjEWYV0lt8GAGkR3AAAF3GyxXwc340.png,386
255,1289,https://cas.xjtu.edu.cn/login?TARGET=http://10.181.0.217/&userType=1&employeeNo=2225015585,夏文芳测试,研究生评教系统的测试,5,https://org.xjtu.edu.cn/fds//group1/M00/03/16/CjEWYF0ltYmAF0-kAAAG0iE2-KU775.png,387
256,1286,http://202.117.17.197:8000/login.do/?userType=1&employeeNo=2225015585,知识产权管理信息系统,知识产权管理与维护,3,https://org.xjtu.edu.cn/fds//group1/M00/03/16/CjEWYF0ltiyAE4V6AAAFOFKTAGg233.png,390
257,1284,http://202.117.17.138/WebCall5/xjtuLogin/index.do?userType=1&employeeNo=2225015585,创新港大厅多媒体系统,通过Webcall和微信提供在线人工客服,5,https://org.xjtu.edu.cn/fds//group1/M00/03/16/CjEWYF0ltlWAVPucAAAN3gxdQKw811.png,391
258,1283,https://zuhui.xjtu.edu.cn/?userType=1&employeeNo=2225015585,学校组会系统,跨校区组会系统实现多校区进行远程会议,6,https://org.xjtu.edu.cn/fds//group1/M00/03/16/CjEWYV0lteSAX46yAAADO4eDzB8565.png,392
259,1282,http://www.ghjjxt.xjtu.edu.cn/SSO/Index?userType=1&employeeNo=2225015585,交大基建交互工作管理平台,办公、项目全动态过程，实时预警等管理模式,3,https://org.xjtu.edu.cn/fds//group1/M00/03/16/CjEWYV0lt8GAGkR3AAAF3GyxXwc340.png,394
260,1281,http://v.ispace.xjtu.edu.cn:8600/auth/realms/xjtu/broker/oauth2-client/endpoint?userType=1&employeeNo=2225015585,网络学习平台-视频,创新港在线学习教学，视频处理,6,https://org.xjtu.edu.cn/fds//group1/M00/03/16/CjEWYF0ltYmAF0-kAAAG0iE2-KU775.png,395
261,1280,http://ispace.xjtu.edu.cn?userType=1&employeeNo=2225015585,网络学习平台,创新港在线学习教学，课前、中、后学习空间,6,https://org.xjtu.edu.cn/fds//group1/M00/03/16/CjEWYF0lt6yAFTCLAAAD5MXAB1w721.png,396
262,1279,http://kh.xjtu.edu.cn/ext/login1.jsp?userType=1&employeeNo=2225015585,考核管理平台（参评人）,干部考核系统,3,https://org.xjtu.edu.cn/fds//group1/M00/03/16/CjEWYV0lt8GAGkR3AAAF3GyxXwc340.png,397
263,1277,http://yzgl.xjtu.edu.cn/casLogin?userType=1&employeeNo=2225015585,新研究生招生管理系统,完成研究生招生报名管理,6,https://org.xjtu.edu.cn/fds//group1/M00/03/16/CjEWYF0ltiyAE4V6AAAFOFKTAGg233.png,399
264,1273,https://ghoa.xjtu.edu.cn/center/ssoxjtu.do?userType=1&employeeNo=2225015585,网上工会系统,工会办公自动化,3,https://org.xjtu.edu.cn/fds//group1/M00/03/16/CjEWYF0ltlWAVPucAAAN3gxdQKw811.png,402
265,1272,http://health.xjtu.edu.cn/oauth/xajdlogin?userType=1&employeeNo=2225015585,健康管理平台,校医院的健康管理平台,5,https://org.xjtu.edu.cn/fds//group1/M00/03/16/CjEWYF0ltYmAF0-kAAAG0iE2-KU775.png,403
266,1271,http://webvpn.lib.xjtu.edu.cn/oauth_login?userType=1&employeeNo=2225015585,图书馆VPN服务,图书馆提供更安全的资源访问控制-http,5,https://org.xjtu.edu.cn/fds//group1/M00/03/16/CjEWYF0ltYmAF0-kAAAG0iE2-KU775.png,404
267,1270,https://webvpn.lib.xjtu.edu.cn/oauth_login?userType=1&employeeNo=2225015585,图书馆VPN服务,图书馆提供更安全的资源访问控制,5,https://org.xjtu.edu.cn/fds//group1/M00/03/16/CjEWYF0ltYmAF0-kAAAG0iE2-KU775.png,405
268,1269,http://202.117.17.239?userType=1&employeeNo=2225015585,班车预约系统,班车预约系统,5,https://org.xjtu.edu.cn/fds//group1/M00/03/16/CjEWYV0lt8GAGkR3AAAF3GyxXwc340.png,406
269,1265,http://gf.xjtu.edu.cn:8080/xjtufdc2019/login?userType=1&employeeNo=2225015585,新版公房管理系统,学校公房管理系统,3,https://org.xjtu.edu.cn/fds//group1/M00/03/16/CjEWYF0ltlWAVPucAAAN3gxdQKw811.png,407
270,1261,http://iharbour.lib.xjtu.edu.cn?userType=1&employeeNo=2225015585,创新港图书资料中心,图书馆面向创新港研究生使用行为定制,,https://org.xjtu.edu.cn/fds//group1/M00/03/16/CjEWYF0ltiyAE4V6AAAFOFKTAGg233.png,409
271,1242,https://cas.xjtu.edu.cn/login?TARGET=http://mob.xjtu.edu.cn/system/resource/code/auth/caslogin.jsp&userType=1&employeeNo=2225015585,主站站群管理移动端,主站站群管理系统移动端,,https://org.xjtu.edu.cn/fds//group1/M00/03/16/CjEWYF0ltYmAF0-kAAAG0iE2-KU775.png,416
272,1241,https://cas.xjtu.edu.cn/login?TARGET=http://www.xjtu.edu.cn/system/resource/code/auth/caslogin.jsp&userType=1&employeeNo=2225015585,主站站群管理系统,主站站群管理系统,,https://org.xjtu.edu.cn/fds//group1/M00/03/16/CjEWYF0ltYmAF0-kAAAG0iE2-KU775.png,417
273,1239,https://zzzs.xjtu.edu.cn/oauthLogin.do?userType=1&employeeNo=2225015585,单独招生报名系统,单独招生报名系统,6,https://org.xjtu.edu.cn/fds//group1/M00/03/16/CjEWYF0ltlWAVPucAAAN3gxdQKw811.png,418
274,1228,https://cas.xjtu.edu.cn/login?TARGET=http://kc.xjtu.edu.cn/&userType=1&employeeNo=2225015585,快速采购系统,202.117.18.110,,https://org.xjtu.edu.cn/fds//group1/M00/03/16/CjEWYF0ltfmAcnMyAAAE7sJAlGw119.png,424
275,1225,http://202.117.218.202:8080/clogin?userType=1&employeeNo=2225015585,教师平台测试,教师平台测试,0,https://org.xjtu.edu.cn/fds//group1/M00/03/16/CjEWYF0ltYmAF0-kAAAG0iE2-KU775.png,427
276,1224,http://rg.lib.xjtu.edu.cn:5000/auth/login/?userType=1&employeeNo=2225015585,图书馆通借通还系统,实现我校三校区图书的通借通还,6,https://org.xjtu.edu.cn/fds//group1/M00/03/16/CjEWYF0ltYmAF0-kAAAG0iE2-KU775.png,428
277,1223,http://202.117.24.3:8080/yidiadmin?userType=1&employeeNo=2225015585,图书馆通借通还管理,实现我校三校区图书的通借通还（管理端）,,https://org.xjtu.edu.cn/fds//group1/M00/03/16/CjEWYF0ltYmAF0-kAAAG0iE2-KU775.png,429
278,1182,https://cas.xjtu.edu.cn/login?TARGET=http://localhost:8080/&userType=1&employeeNo=2225015585,cas本地测试,本地测试,0,https://org.xjtu.edu.cn/fds//group1/M00/03/16/CjEWYF0ltYmAF0-kAAAG0iE2-KU775.png,430
279,1195,http://wl.xjtu.edu.cn/xjtuzcgl/login?userType=1&employeeNo=2225015585,物料管理系统,物料管理系统,6,https://org.xjtu.edu.cn/fds//group1/M00/03/16/CjEWYF0ltYmAF0-kAAAG0iE2-KU775.png,431
280,1245,http://yjskq.xjtu.edu.cn/berserker-auth/auth/attendance-pc/casReturn?userType=1&employeeNo=2225015585,研究生考勤系统,研究生考勤查询系统,6,https://org.xjtu.edu.cn/fds//group1/M00/03/16/CjEWYF0ltlWAVPucAAAN3gxdQKw811.png,436
281,1450,https://job.xjtu.edu.cn/xsfw/sys/swmjywzapp/*default/index.do?userType=1&employeeNo=2225015585,就业创业综合管理服务平台-移动,就业业务在线办理,3,https://org.xjtu.edu.cn/fds//group1/M00/03/16/CjEWYF0ltlWAVPucAAAN3gxdQKw811.png,441
282,1179,https://cps.xjtu.edu.cn/API/SSO/webapp?userType=1&employeeNo=2225015585,物联网平台,物联网平台,,https://org.xjtu.edu.cn/fds//group1/M00/03/16/CjEWYF0ltYmAF0-kAAAG0iE2-KU775.png,454
283,780,https://hrms.xjtu.edu.cn/project/xajtdx/sso/ssoLogin_xajtdx.jsp?userType=1&employeeNo=2225015585,人力资源系统,人力资源系统,6,https://org.xjtu.edu.cn/fds//group1/M00/03/16/CjEWYF0ltlWAVPucAAAN3gxdQKw811.png,455
284,1312,http://eps.xjtu.edu.cn/xsfw/sys/emaphome/portal/index.do?userType=1&employeeNo=2225015585,返校管理系统,疫情期为学生返校工作提供线上管理和保障。,6,https://org.xjtu.edu.cn/fds//group1/M00/03/16/CjEWYF0ltlWAVPucAAAN3gxdQKw811.png,464
285,792,https://cas.xjtu.edu.cn/login?TARGET=http://ssfw.xjtu.edu.cn/**&userType=1&employeeNo=2225015585,教务管理系统-师生端,教务师生服务,new,https://org.xjtu.edu.cn/fds//group1/M00/03/16/CjEWYF0nAQyANN1cAAA-AO2Pffg884.png,466
286,799,https://cas.xjtu.edu.cn/login?TARGET=http://alumni.xjtu.edu.cn/**&userType=1&employeeNo=2225015585,西安交通大学校友网,校友信息管理平台,new,https://org.xjtu.edu.cn/fds//group1/M00/03/16/CjEWYF0nAQyANN1cAAA-AO2Pffg884.png,475
287,800,https://cas.xjtu.edu.cn/login?TARGET=http://202.117.56.28/**&userType=1&employeeNo=2225015585,财务处主页及其子栏目,提供各类财务信息及查询功能,new,https://org.xjtu.edu.cn/fds//group1/M00/03/16/CjEWYF0nAQyANN1cAAA-AO2Pffg884.png,476
288,801,https://cas.xjtu.edu.cn/login?TARGET=http://gsm.xjtu.edu.cn/&userType=1&employeeNo=2225015585,研究生院综合信息系统,实现对研究生教育的各类业务进行综合管理,new,https://org.xjtu.edu.cn/fds//group1/M00/03/16/CjEWYF0nAQyANN1cAAA-AO2Pffg884.png,477
289,802,https://cas.xjtu.edu.cn/login?TARGET=http://202.117.34.156:8080/**&userType=1&employeeNo=2225015585,研究生培养预警系统,实时监控研究生培养过程中的关键信息并及时报警,new,https://org.xjtu.edu.cn/fds//group1/M00/03/16/CjEWYF0nAQyANN1cAAA-AO2Pffg884.png,479
290,807,https://cas.xjtu.edu.cn/login?TARGET=http://202.117.3.106:8080/**&userType=1&employeeNo=2225015585,大型设备预约管理系统,系统实现了共享中心设备预约、收费、日常使用记录、运行补助基金申请、维修基金申请、预约评价的网络化办公。,new,https://org.xjtu.edu.cn/fds//group1/M00/03/16/CjEWYF0nAQyANN1cAAA-AO2Pffg884.png,483
291,815,https://cas.xjtu.edu.cn/login?TARGET=http://afm.xjtu.edu.cn/**&userType=1&employeeNo=2225015585,陕西省先进功能材料网站,陕西省先进功能材料及介观物理重点实验室门户网站，信息展示平台,new,https://org.xjtu.edu.cn/fds//group1/M00/03/16/CjEWYF0nAQyANN1cAAA-AO2Pffg884.png,491
292,827,http://cms.xjtu.edu.cn:8080/system/caslogin.jsp?userType=1&employeeNo=2225015585,站群管理系统cms,网站群管理、网站内容管理,3,https://org.xjtu.edu.cn/fds//group1/M00/03/16/CjEWYF0nAQyANN1cAAA-AO2Pffg884.png,502
293,830,https://cas.xjtu.edu.cn/login?TARGET=http://admin.xjtu.edu.cn/**&userType=1&employeeNo=2225015585,网络综合业务管理系统,网络业务办理、网络管理、网络收费,new,https://org.xjtu.edu.cn/fds//group1/M00/03/16/CjEWYF0nAQyANN1cAAA-AO2Pffg884.png,505
294,831,https://cas.xjtu.edu.cn/login?TARGET=http://nethelp.xjtu.edu.cn/&userType=1&employeeNo=2225015585,网络用户自服务系统,网络用户自助申请入网、自助管理IP、帐号、修改密码、查询费用,new,https://org.xjtu.edu.cn/fds//group1/M00/03/16/CjEWYF0nAQyANN1cAAA-AO2Pffg884.png,506
295,832,https://cas.xjtu.edu.cn/login?TARGET=http://stdmis.xjtu.edu.cn/**&userType=1&employeeNo=2225015585,科研管理信息系统,科研管理信息系统,new,https://org.xjtu.edu.cn/fds//group1/M00/03/16/CjEWYF0nAQyANN1cAAA-AO2Pffg884.png,507
296,835,https://cas.xjtu.edu.cn/login?TARGET=http://jwgl.xjtu.edu.cn/**&userType=1&employeeNo=2225015585,教务管理系统-教务端,教务处-教务管理,new,https://org.xjtu.edu.cn/fds//group1/M00/03/16/CjEWYF0nAQyANN1cAAA-AO2Pffg884.png,510
297,841,https://cas.xjtu.edu.cn/login?TARGET=http://xxgk.xjtu.edu.cn/**&userType=1&employeeNo=2225015585,党校办-信息公开网,全校信息公开目录、指南,new,https://org.xjtu.edu.cn/fds//group1/M00/03/16/CjEWYF0nAQyANN1cAAA-AO2Pffg884.png,516
298,844,https://cas.xjtu.edu.cn/login?TARGET=http://cem.xjtu.edu.cn/**&userType=1&employeeNo=2225015585,航天航空学院-航天航空学院网站,航天航空学院-航天航空学院网站,new,https://org.xjtu.edu.cn/fds//group1/M00/03/16/CjEWYF0nAQyANN1cAAA-AO2Pffg884.png,519
299,848,http://gr.xjtu.edu.cn/web/xjtuteacher/caslogin?userType=1&employeeNo=2225015585,教师个人主页发布,教师个人主页发布,6,https://org.xjtu.edu.cn/fds//group1/M00/03/16/CjEWYF0ltlWAVPucAAAN3gxdQKw811.png,523
300,853,https://cas.xjtu.edu.cn/login?TARGET=http://cssy.xjtu.edu.cn/**&userType=1&employeeNo=2225015585,崇室书院-网站,崇实书院对内发布新闻通知公告，对外宣传的渠道。,new,https://org.xjtu.edu.cn/fds//group1/M00/03/16/CjEWYF0nAQyANN1cAAA-AO2Pffg884.png,528
301,858,https://cas.xjtu.edu.cn/login?TARGET=http://info.xjtu.edu.cn/&userType=1&employeeNo=2225015585,综合信息网,综合信息网,new,https://org.xjtu.edu.cn/fds//group1/M00/03/16/CjEWYF0nAQyANN1cAAA-AO2Pffg884.png,534
302,867,https://cas.xjtu.edu.cn/login?TARGET=http://202.117.1.243/&userType=1&employeeNo=2225015585,非在编人员管理系统2,非在编人员管理系统2,3,https://org.xjtu.edu.cn/fds//group1/M00/03/16/CjEWYF0ltlWAVPucAAAN3gxdQKw811.png,541
303,878,http://htgl.xjtu.edu.cn/HT-Auth/casLogin?userType=1&employeeNo=2225015585,采购合同管理系统,采购合同登记、审核、备案系统,3,https://org.xjtu.edu.cn/fds//group1/M00/03/16/CjEWYF0ltlWAVPucAAAN3gxdQKw811.png,553
304,891,https://cas.xjtu.edu.cn/login?TARGET=http://xjtunews.xjtu.edu.cn/&userType=1&employeeNo=2225015585,新闻网站群系统-域名,新闻网站群系统-域名,new,https://org.xjtu.edu.cn/fds//group1/M00/03/16/CjEWYF0nAQyANN1cAAA-AO2Pffg884.png,566
305,892,https://cas.xjtu.edu.cn/login?TARGET=http://202.117.3.24/&userType=1&employeeNo=2225015585,新闻网站群系统-IP,新闻网站群系统-IP,new,https://org.xjtu.edu.cn/fds//group1/M00/03/16/CjEWYF0nAQyANN1cAAA-AO2Pffg884.png,567
306,899,https://cas.xjtu.edu.cn/login?TARGET=http://news.xjtu.edu.cn/&userType=1&employeeNo=2225015585,新新闻网--宣传部,新新闻网--宣传部,new,https://org.xjtu.edu.cn/fds//group1/M00/03/16/CjEWYF0nAQyANN1cAAA-AO2Pffg884.png,575
307,904,https://cas.xjtu.edu.cn/login?TARGET=http://tuanwei.xjtu.edu.cn/&userType=1&employeeNo=2225015585,西安交通大学学生在线（团委门户网）,西安交通大学学生在线（团委门户网）,new,https://org.xjtu.edu.cn/fds//group1/M00/03/16/CjEWYF0nAQyANN1cAAA-AO2Pffg884.png,579
308,905,https://cas.xjtu.edu.cn/login?TARGET=http://58.206.126.51/&userType=1&employeeNo=2225015585,科技在线,科技在线,new,https://org.xjtu.edu.cn/fds//group1/M00/03/16/CjEWYF0nAQyANN1cAAA-AO2Pffg884.png,580
309,918,https://cas.xjtu.edu.cn/login?TARGET=http://wen.xjtu.edu.cn/&userType=1&employeeNo=2225015585,文治书院网站,文治书院网站,new,https://org.xjtu.edu.cn/fds//group1/M00/03/16/CjEWYF0nAQyANN1cAAA-AO2Pffg884.png,593
310,922,https://cas.xjtu.edu.cn/login?TARGET=http://gis.xjtu.edu.cn/&userType=1&employeeNo=2225015585,虚拟校园,虚拟校园,new,https://org.xjtu.edu.cn/fds//group1/M00/03/16/CjEWYF0nAQyANN1cAAA-AO2Pffg884.png,596
311,924,https://cas.xjtu.edu.cn/login?TARGET=http://www.ir.xjtu.edu.cn/&userType=1&employeeNo=2225015585,图书馆-西安交通大学机构知识库,图书馆-西安交通大学机构知识库,new,https://org.xjtu.edu.cn/fds//group1/M00/03/16/CjEWYF0nAQyANN1cAAA-AO2Pffg884.png,598
312,930,https://cas.xjtu.edu.cn/login?TARGET=http://std.xjtu.edu.cn/&userType=1&employeeNo=2225015585,科技在线(域名),科技在线（域名）,new,https://org.xjtu.edu.cn/fds//group1/M00/03/16/CjEWYF0nAQyANN1cAAA-AO2Pffg884.png,604
313,932,https://cas.xjtu.edu.cn/login?TARGET=http://card.xjtu.edu.cn/&userType=1&employeeNo=2225015585,一卡通在线圈存,一卡通在线圈存,5,https://org.xjtu.edu.cn/fds//group1/M00/03/16/CjEWYF0ltlWAVPucAAAN3gxdQKw811.png,606
314,940,https://cas.xjtu.edu.cn/login?TARGET=http://equip.xjtu.edu.cn/&userType=1&employeeNo=2225015585,实验室处-大型设备预约管理信息系统,实验室处-大型设备预约管理信息系统,new,https://org.xjtu.edu.cn/fds//group1/M00/03/16/CjEWYF0nAQyANN1cAAA-AO2Pffg884.png,614
315,944,https://cas.xjtu.edu.cn/login?TARGET=http://pts.xjtu.edu.cn/&userType=1&employeeNo=2225015585,实践教学管理平台,实践教学管理平台,new,https://org.xjtu.edu.cn/fds//group1/M00/03/16/CjEWYF0nAQyANN1cAAA-AO2Pffg884.png,617
316,947,https://cas.xjtu.edu.cn/login?TARGET=http://pts.xjtu.edu.cn:8080/&userType=1&employeeNo=2225015585,毕业设计管理系统,教务处-毕业设计（论文）管理系统,new,https://org.xjtu.edu.cn/fds//group1/M00/03/16/CjEWYF0nAQyANN1cAAA-AO2Pffg884.png,620
317,950,https://cas.xjtu.edu.cn/login?TARGET=http://sfs.xjtu.edu.cn/&userType=1&employeeNo=2225015585,外语学院网站,外语学院网站,new,https://org.xjtu.edu.cn/fds//group1/M00/03/16/CjEWYF0nAQyANN1cAAA-AO2Pffg884.png,621
318,951,https://cas.xjtu.edu.cn/login?TARGET=http://leadermail.xjtu.edu.cn/&userType=1&employeeNo=2225015585,校领导信箱,校领导信箱,new,https://org.xjtu.edu.cn/fds//group1/M00/03/16/CjEWYF0nAQyANN1cAAA-AO2Pffg884.png,622
319,955,https://cas.xjtu.edu.cn/login?TARGET=http://10.240.1.16/&userType=1&employeeNo=2225015585,大型设备预约管理信息系统,实验室处-大型设备预约管理（内网IP）,new,https://org.xjtu.edu.cn/fds//group1/M00/03/16/CjEWYF0nAQyANN1cAAA-AO2Pffg884.png,625
320,1025,https://cas.xjtu.edu.cn/login?TARGET=http://zhpj.xjtu.edu.cn/&userType=1&employeeNo=2225015585,教育教学质量实时监测大数据平台,西安交通大学教学质量综合评价系统,6,https://org.xjtu.edu.cn/fds//group1/M00/03/16/CjEWYF0nAQyANN1cAAA-AO2Pffg884.png,629
321,1026,https://cas.xjtu.edu.cn/login?TARGET=http://xjtudj.edu.cn/&userType=1&employeeNo=2225015585,西安交通大学党建学习平台,西安交通大学党建学习平台,new,https://org.xjtu.edu.cn/fds//group1/M00/03/16/CjEWYF0nAQyANN1cAAA-AO2Pffg884.png,630
322,1027,https://cas.xjtu.edu.cn/login?TARGET=http://stdjg.xjtu.edu.cn/&userType=1&employeeNo=2225015585,科研系统军工版,实现竣工科研项目、到账的管理等功能。,new,https://org.xjtu.edu.cn/fds//group1/M00/03/16/CjEWYF0nAQyANN1cAAA-AO2Pffg884.png,631
323,1030,http://ehall.xjtu.edu.cn/amp-auth-adapter/loginSuccess?userType=1&employeeNo=2225015585,教学管理信息系统（新系统）1,教学管理信息系统（新系统）,new,https://org.xjtu.edu.cn/fds//group1/M00/03/16/CjEWYF0nAQyANN1cAAA-AO2Pffg884.png,634
324,1035,https://cas.xjtu.edu.cn/login?TARGET=http://www.xjtu.edu.cn/&userType=1&employeeNo=2225015585,西安交通大学主页维护,学校主页内容发布更新、日常维护,new,https://org.xjtu.edu.cn/fds//group1/M00/03/16/CjEWYF0nAQyANN1cAAA-AO2Pffg884.png,639
325,1036,http://gmis.xjtu.edu.cn/pyxx/sso/login?userType=1&employeeNo=2225015585,研究生系统学生端,研究生管理信息系统,6,https://org.xjtu.edu.cn/fds//group1/M00/03/16/CjEWYF0ltiyAE4V6AAAFOFKTAGg233.png,640
326,1050,https://cas.xjtu.edu.cn/login?TARGET=http://yxdstd.xjtu.edu.cn/&userType=1&employeeNo=2225015585,2017年研究生教育优秀导师研究生教育优秀导师团队评选,2017年研究生教育优秀导师研究生教育优秀导师团队评选,new,https://org.xjtu.edu.cn/fds//group1/M00/03/16/CjEWYF0nAQyANN1cAAA-AO2Pffg884.png,646
327,1051,https://cas.xjtu.edu.cn/login?TARGET=http://cg.xjtu.edu.cn/&userType=1&employeeNo=2225015585,招标采购管理系统-新,招标采购管理系统,3,https://org.xjtu.edu.cn/fds//group1/M00/03/16/CjEWYV0ltkGANRNIAAAGq2VdHg8554.png,647
328,1060,https://tec.xjtu.edu.cn/clogin?userType=1&employeeNo=2225015585,教师综合档案数据管理与服务平台,教师平台,6,https://org.xjtu.edu.cn/fds//group1/M00/03/16/CjEWYF0ltlWAVPucAAAN3gxdQKw811.png,655
329,1067,https://cas.xjtu.edu.cn/login?TARGET=http://zcc.xjtu.edu.cn/&userType=1&employeeNo=2225015585,国有资产管理系统-,国有资产全生命周期管理系统,3,https://org.xjtu.edu.cn/fds//group1/M00/03/16/CjEWYF0ltlWAVPucAAAN3gxdQKw811.png,662
330,1068,http://manage.xjtu.edu.cn:8080/szdag/?userType=1&employeeNo=2225015585,数字档案管理系统,档案信息资源管理和利用,3,https://org.xjtu.edu.cn/fds//group1/M00/03/16/CjEWYF0nAQyANN1cAAA-AO2Pffg884.png,663
331,1071,http://mp.xjtu.edu.cn/wechat/app/cas/caslogin.jsp?userType=1&employeeNo=2225015585,微信平台开发,微信测试-张佳庚,10,https://org.xjtu.edu.cn/fds//group1/M00/03/16/CjEWYF0ltlWAVPucAAAN3gxdQKw811.png,665
332,1072,http://swbd.xjtu.edu.cn/bigdata/user/casLogin?userType=1&employeeNo=2225015585,学工大数据,学工大数据,new,https://org.xjtu.edu.cn/fds//group1/M00/03/16/CjEWYF0nAQyANN1cAAA-AO2Pffg884.png,666
333,1074,https://cas.xjtu.edu.cn/login?TARGET=http*://card.xjtu.edu.cn*/**&userType=1&employeeNo=2225015585,移动交通大学服务大厅,移动交通大学服务大厅,5,https://org.xjtu.edu.cn/fds//group1/M00/03/16/CjEWYF0ltlWAVPucAAAN3gxdQKw811.png,668
334,1076,http://labcc.xjtu.edu.cn/xjtu/public/base/Login/casLogin.html?userType=1&employeeNo=2225015585,化学品耗材管理系统,在线购买、入账、废液废品回收及监管统计,3,https://org.xjtu.edu.cn/fds//group1/M00/03/16/CjEWYF0ltlWAVPucAAAN3gxdQKw811.png,669
335,1078,http://pkl.xjtu.edu.cn/callback?userType=1&employeeNo=2225015585,彭康楼会议室预订系统,彭康楼会议室预订系统,3,https://org.xjtu.edu.cn/fds//group1/M00/03/16/CjEWYF0ltlWAVPucAAAN3gxdQKw811.png,671
336,1080,https://cas.xjtu.edu.cn/login?TARGET=http://cyberlab.xjtu.edu.cn/&userType=1&employeeNo=2225015585,网络安全在线实训系统,网络安全在线实训系统,new,https://org.xjtu.edu.cn/fds//group1/M00/03/16/CjEWYF0nAQyANN1cAAA-AO2Pffg884.png,673
337,1086,https://cas.xjtu.edu.cn/login?TARGET=http://uas.metaauth.com/&userType=1&employeeNo=2225015585,书由你荐,芸台购--梁栋,6,https://org.xjtu.edu.cn/fds//group1/M00/03/16/CjEWYF0ltlWAVPucAAAN3gxdQKw811.png,679
338,1089,https://cas.xjtu.edu.cn/login?TARGET=http://gste.xjtu.edu.cn/&userType=1&employeeNo=2225015585,研究生评教系统,研究生评教系统,6,https://org.xjtu.edu.cn/fds//group1/M00/03/16/CjEWYF0ltlWAVPucAAAN3gxdQKw811.png,681
339,1093,https://cas.xjtu.edu.cn/login?TARGET=http://infosec.xjtu.edu.cn/&userType=1&employeeNo=2225015585,网络安全服务系统,网络安全服务系统,new,https://org.xjtu.edu.cn/fds//group1/M00/03/16/CjEWYF0nAQyANN1cAAA-AO2Pffg884.png,685
340,1094,https://cas.xjtu.edu.cn/login?TARGET=http://repairadmin.xjtu.edu.cn/&userType=1&employeeNo=2225015585,报修节点,报修节点,new,https://org.xjtu.edu.cn/fds//group1/M00/03/16/CjEWYF0nAQyANN1cAAA-AO2Pffg884.png,686
341,1095,https://cas.xjtu.edu.cn/login?TARGET=http://repairapp.xjtu.edu.cn/&userType=1&employeeNo=2225015585,微信报修节点,微信报修节点,new,https://org.xjtu.edu.cn/fds//group1/M00/03/16/CjEWYF0nAQyANN1cAAA-AO2Pffg884.png,687
342,1097,http://ims.xjtu.edu.cn/XJTUHome.aspx?userType=1&employeeNo=2225015585,外事工作服务系统,外事工作服务系统,new,https://org.xjtu.edu.cn/fds//group1/M00/03/16/CjEWYF0nAQyANN1cAAA-AO2Pffg884.png,688
343,1098,https://cas.xjtu.edu.cn/login?TARGET=http://202.117.17.162/&userType=1&employeeNo=2225015585,学科建设管理系统（临时）,学科建设管理系统（临时）,new,https://org.xjtu.edu.cn/fds//group1/M00/03/16/CjEWYF0nAQyANN1cAAA-AO2Pffg884.png,689
344,1099,http://ohello.xjtu.edu.cn/berserker-auth/auth/casLogin?userType=1&employeeNo=2225015585,移动校园应用,移动校园应用,3,https://org.xjtu.edu.cn/fds//group1/M00/03/16/CjEWYF0ltlWAVPucAAAN3gxdQKw811.png,690
345,1100,https://cas.xjtu.edu.cn/login?TARGET=http://202.117.17.141/&userType=1&employeeNo=2225015585,零欠费系统,零欠费系统,new,https://org.xjtu.edu.cn/fds//group1/M00/03/16/CjEWYF0nAQyANN1cAAA-AO2Pffg884.png,691
346,1101,https://cas.xjtu.edu.cn/login?TARGET=http://202.117.17.142/&userType=1&employeeNo=2225015585,数学学院机房预定,数学学院机房预定,new,https://org.xjtu.edu.cn/fds//group1/M00/03/16/CjEWYF0nAQyANN1cAAA-AO2Pffg884.png,692
347,1104,https://cas.xjtu.edu.cn/login?TARGET=http://wwy.xjtu.edu.cn/&userType=1&employeeNo=2225015585,“微物业”公众信息平台,“微物业”公众信息平台,new,https://org.xjtu.edu.cn/fds//group1/M00/03/16/CjEWYF0nAQyANN1cAAA-AO2Pffg884.png,694
348,1107,https://cas.xjtu.edu.cn/login?TARGET=http://xxqxk.xjtu.edu.cn/&userType=1&employeeNo=2225015585,小学期选课系统,小学期选课系统,new,https://org.xjtu.edu.cn/fds//group1/M00/03/16/CjEWYF0nAQyANN1cAAA-AO2Pffg884.png,697
349,1111,https://cas.xjtu.edu.cn/login?TARGET=https://bb.xjtu.edu.cn/&userType=1&employeeNo=2225015585,bb平台,bb平台,new,https://org.xjtu.edu.cn/fds//group1/M00/03/16/CjEWYF0nAQyANN1cAAA-AO2Pffg884.png,701
350,1114,https://cas.xjtu.edu.cn/login?TARGET=http://djxx.xjtu.edu.cn/&userType=1&employeeNo=2225015585,党建学习平台-测试,党建学习平台-测试,new,https://org.xjtu.edu.cn/fds//group1/M00/03/16/CjEWYF0nAQyANN1cAAA-AO2Pffg884.png,704
351,1115,https://cas.xjtu.edu.cn/login?TARGET=http://ggtypt.xjtu.edu.cn/&userType=1&employeeNo=2225015585,体育教学管理系统,体育教学管理系统,new,https://org.xjtu.edu.cn/fds//group1/M00/03/16/CjEWYF0nAQyANN1cAAA-AO2Pffg884.png,705
352,1119,https://cas.xjtu.edu.cn/login?TARGET=http://tb.xjtu.edu.cn/&userType=1&employeeNo=2225015585,投标系统-域名,投标系统-域名,new,https://org.xjtu.edu.cn/fds//group1/M00/03/16/CjEWYF0nAQyANN1cAAA-AO2Pffg884.png,709
353,1120,https://cas.xjtu.edu.cn/login?TARGET=http://202.117.18.101/&userType=1&employeeNo=2225015585,投标系统-ip,投标系统-ip,new,https://org.xjtu.edu.cn/fds//group1/M00/03/16/CjEWYF0nAQyANN1cAAA-AO2Pffg884.png,710
354,1121,https://cas.xjtu.edu.cn/login?TARGET=http://202.117.18.102/&userType=1&employeeNo=2225015585,采购管理系统-ip,采购管理系统-ip,new,https://org.xjtu.edu.cn/fds//group1/M00/03/16/CjEWYF0nAQyANN1cAAA-AO2Pffg884.png,711
355,1122,https://cas.xjtu.edu.cn/login?TARGET=http://202.117.24.12/&userType=1&employeeNo=2225015585,图书馆主页后台管理系统,图书馆主页后台管理系统,new,https://org.xjtu.edu.cn/fds//group1/M00/03/16/CjEWYF0nAQyANN1cAAA-AO2Pffg884.png,712
356,1128,https://cas.xjtu.edu.cn/login?TARGET=http://202.117.18.30/zzfw-app/&userType=1&employeeNo=2225015585,一站式服务大厅教务处自助机,一站式服务大厅教务处自助机,new,https://org.xjtu.edu.cn/fds//group1/M00/03/16/CjEWYF0nAQyANN1cAAA-AO2Pffg884.png,717
357,1129,https://cas.xjtu.edu.cn/login?TARGET=http://202.117.13.101/&userType=1&employeeNo=2225015585,学生处自主服务机,学生处自主服务机,new,https://org.xjtu.edu.cn/fds//group1/M00/03/16/CjEWYF0nAQyANN1cAAA-AO2Pffg884.png,718
358,1130,https://cas.xjtu.edu.cn/login?TARGET=http://10.49.7.77/&userType=1&employeeNo=2225015585,学生处自助机2,学生处自助机2,new,https://org.xjtu.edu.cn/fds//group1/M00/03/16/CjEWYF0nAQyANN1cAAA-AO2Pffg884.png,719
359,1131,https://cas.xjtu.edu.cn/login?TARGET=http://202.117.18.103/&userType=1&employeeNo=2225015585,采购系统热备服务器1,采购系统热备服务器1,new,https://org.xjtu.edu.cn/fds//group1/M00/03/16/CjEWYF0nAQyANN1cAAA-AO2Pffg884.png,720
360,1132,https://cas.xjtu.edu.cn/login?TARGET=http://202.117.18.104/&userType=1&employeeNo=2225015585,采购系统热备服务器2,采购系统热备服务器2,new,https://org.xjtu.edu.cn/fds//group1/M00/03/16/CjEWYF0nAQyANN1cAAA-AO2Pffg884.png,721
361,1133,https://cas.xjtu.edu.cn/login?TARGET=http://202.117.18.105/&userType=1&employeeNo=2225015585,采购系统热备服务器3,采购系统热备服务器3,new,https://org.xjtu.edu.cn/fds//group1/M00/03/16/CjEWYF0nAQyANN1cAAA-AO2Pffg884.png,722
362,1134,https://cas.xjtu.edu.cn/login?TARGET=http://202.117.18.106/&userType=1&employeeNo=2225015585,采购系统热备服务器4,采购系统热备服务器4,new,https://org.xjtu.edu.cn/fds//group1/M00/03/16/CjEWYF0nAQyANN1cAAA-AO2Pffg884.png,723
363,1136,https://cas.xjtu.edu.cn/login?TARGET=http://10.49.20.36/&userType=1&employeeNo=2225015585,组织管理系统,组织管理系统,new,https://org.xjtu.edu.cn/fds//group1/M00/03/16/CjEWYF0nAQyANN1cAAA-AO2Pffg884.png,725
364,1137,https://cas.xjtu.edu.cn/login?TARGET=http://10.49.10.15/&userType=1&employeeNo=2225015585,科研大数据分析平台,科研大数据分析平台,new,https://org.xjtu.edu.cn/fds//group1/M00/03/16/CjEWYF0nAQyANN1cAAA-AO2Pffg884.png,726
365,1138,https://stdmis.xjtu.edu.cn/userAction!do_casLogin.action?userType=1&employeeNo=2225015585,科研管理  系统,科研管理系统,6,https://org.xjtu.edu.cn/fds//group1/M00/03/16/CjEWYF0ltlWAVPucAAAN3gxdQKw811.png,727
366,1148,https://cas.xjtu.edu.cn/login?TARGET=http://gsbi.xjtu.edu.cn:8080/&userType=1&employeeNo=2225015585,研究生教育大数据平台,研究生教育大数据平台,new,https://org.xjtu.edu.cn/fds//group1/M00/03/16/CjEWYF0nAQyANN1cAAA-AO2Pffg884.png,729
367,1152,https://cas.xjtu.edu.cn/login?TARGET=http*://www.yuketang.cn/&userType=1&employeeNo=2225015585,雨课堂,师生教学过程互动信息化工具,new,https://org.xjtu.edu.cn/fds//group1/M00/03/16/CjEWYF0nAQyANN1cAAA-AO2Pffg884.png,733
368,1158,https://cas.xjtu.edu.cn/login?TARGET=http://wm.xjtu.edu.cn/&userType=1&employeeNo=2225015585,外贸管理系统,外贸管理系统,new,https://org.xjtu.edu.cn/fds//group1/M00/03/16/CjEWYF0nAQyANN1cAAA-AO2Pffg884.png,735
369,1159,https://cas.xjtu.edu.cn/login?TARGET=http://202.117.18.103/&userType=1&employeeNo=2225015585,外贸管理系统,外贸管理系统,new,https://org.xjtu.edu.cn/fds//group1/M00/03/16/CjEWYF0nAQyANN1cAAA-AO2Pffg884.png,736
370,1160,https://cas.xjtu.edu.cn/login?TARGET=http://cgbapi.xjtu.edu.cn/&userType=1&employeeNo=2225015585,采购办数据对接平台,采购办数据对接平台,new,https://org.xjtu.edu.cn/fds//group1/M00/03/16/CjEWYF0nAQyANN1cAAA-AO2Pffg884.png,737
371,1161,https://cas.xjtu.edu.cn/login?TARGET=http://202.117.18.104/&userType=1&employeeNo=2225015585,采购办数据对接平台,采购办数据对接平台,new,https://org.xjtu.edu.cn/fds//group1/M00/03/16/CjEWYF0nAQyANN1cAAA-AO2Pffg884.png,738
372,1163,https://cas.xjtu.edu.cn/login?TARGET=http://202.117.17.196/&userType=1&employeeNo=2225015585,科研系统微信端,科研系统微信端,new,https://org.xjtu.edu.cn/fds//group1/M00/03/16/CjEWYF0ltlWAVPucAAAN3gxdQKw811.png,740
373,1164,http://cmsn.xjtu.edu.cn:8080/system/caslogin.jsp?userType=1&employeeNo=2225015585,二级单位站群后台-cmsn,新网站群管理平台,3,https://org.xjtu.edu.cn/fds//group1/M00/03/16/CjEWYF0nAQyANN1cAAA-AO2Pffg884.png,741
374,1170,https://cas.xjtu.edu.cn/login?TARGET=http://secure.xjtu.edu.cn/&userType=1&employeeNo=2225015585,校园治安综合治理管理服务平台,开展校园治安综合治理在线管理服务,new,https://org.xjtu.edu.cn/fds//group1/M00/03/16/CjEWYF0nAQyANN1cAAA-AO2Pffg884.png,745
375,1171,https://cas.xjtu.edu.cn/login?TARGET=http://10.49.22.133/&userType=1&employeeNo=2225015585,机械学院精密所会议室预约系统,机械学院精密所会议室预约系统,new,https://org.xjtu.edu.cn/fds//group1/M00/03/16/CjEWYF0nAQyANN1cAAA-AO2Pffg884.png,746
376,1175,https://jsyy.xjtu.edu.cn/loginall.aspx?userType=1&employeeNo=2225015585,创新港教室预约系统,创新港教室预约系统,6,https://org.xjtu.edu.cn/fds//group1/M00/03/16/CjEWYF0ltlWAVPucAAAN3gxdQKw811.png,748
377,960,https://cas.xjtu.edu.cn/login?TARGET=http://202.117.2.69/&userType=1&employeeNo=2225015585,交大主页管理后台,交大主页管理后台,3,https://org.xjtu.edu.cn/fds//group1/M00/03/16/CjEWYF0ltYmAF0-kAAAG0iE2-KU775.png,752
378,966,http://hello.xjtu.edu.cn/yingxin/login/xjtu/oauth/pc?userType=1&employeeNo=2225015585,迎新注册系统,迎新注册系统,6,https://org.xjtu.edu.cn/fds//group1/M00/03/16/CjEWYF0ltlWAVPucAAAN3gxdQKw811.png,756
379,968,http://class.xjtu.edu.cn:8600/auth/realms/xjtu/broker/oauth2-client/endpoint?userType=1&employeeNo=2225015585,创课资源管理-学习直播平台,创课资源管理,new,https://org.xjtu.edu.cn/fds//group1/M00/03/16/CjEWYF0ltiyAE4V6AAAFOFKTAGg233.png,757
380,970,https://cas.xjtu.edu.cn/login?TARGET=http://qiaolian.xjtu.edu.cn/&userType=1&employeeNo=2225015585,侨联网站,侨联网站,new,https://org.xjtu.edu.cn/fds//group1/M00/03/16/CjEWYF0nAQyANN1cAAA-AO2Pffg884.png,759
381,977,https://cas.xjtu.edu.cn/login?TARGET=http://xkjs.xjtu.edu.cn/&userType=1&employeeNo=2225015585,学科建设管理系统,学科建设管理系统,6,https://org.xjtu.edu.cn/fds//group1/M00/03/16/CjEWYF0ltlWAVPucAAAN3gxdQKw811.png,764
382,978,https://cas.xjtu.edu.cn/login?TARGET=http://byzt.xjtu.edu.cn:8080/&userType=1&employeeNo=2225015585,毕业专题网,数据与信息中心,6,https://org.xjtu.edu.cn/fds//group1/M00/03/16/CjEWYF0ltlWAVPucAAAN3gxdQKw811.png,765
383,980,https://cas.xjtu.edu.cn/login?TARGET=http://10.184.221.108/&userType=1&employeeNo=2225015585,离退休综合信息系统,离退休人员管理服务系统，吕欣,3,https://org.xjtu.edu.cn/fds//group1/M00/03/16/CjEWYF0ltlWAVPucAAAN3gxdQKw811.png,767
384,981,https://cas.xjtu.edu.cn/login?TARGET=http://zzbkhb.xjtu.edu.cn/&userType=1&employeeNo=2225015585,组织部考核办系统,组织部考核办系统网内容,new,https://org.xjtu.edu.cn/fds//group1/M00/03/16/CjEWYF0nAQyANN1cAAA-AO2Pffg884.png,768
385,985,http://xmjfzx.xjtu.edu.cn/login?userType=1&employeeNo=2225015585,项目经费执行管理系统,提供项目经费执行管理功能,2,https://org.xjtu.edu.cn/fds//group1/M00/03/16/CjEWYF0ltfmAcnMyAAAE7sJAlGw119.png,771
386,988,https://cas.xjtu.edu.cn/login?TARGET=http://49.208.35.131/&userType=1&employeeNo=2225015585,西安交通大学毕业照预约管理系统,预约时间，照片管理，上传名单，自助归档,10,https://org.xjtu.edu.cn/fds//group1/M00/03/16/CjEWYF0ltlWAVPucAAAN3gxdQKw811.png,772
387,993,http://cmsm.xjtu.edu.cn:8080/system/caslogin.jsp?userType=1&employeeNo=2225015585,二级单位站群后台-cmsm,展示管理西安交通大学二级单位站群移动版,3,https://org.xjtu.edu.cn/fds//group1/M00/03/16/CjEWYF0nAQyANN1cAAA-AO2Pffg884.png,777
388,994,https://ana.xjtu.edu.cn/s/xjtu.oauth.redirectUri?userType=1&employeeNo=2225015585,学生网络报修平台,学生网络故障自助报修系统,10,https://org.xjtu.edu.cn/fds//group1/M00/03/16/CjEWYF0ltlWAVPucAAAN3gxdQKw811.png,778
389,996,https://cas.xjtu.edu.cn/login?TARGET=http://58.206.125.45/&userType=1&employeeNo=2225015585,国有资产管理系统,国有资产管理系统,new,https://org.xjtu.edu.cn/fds//group1/M00/03/16/CjEWYF0nAQyANN1cAAA-AO2Pffg884.png,780
390,1004,https://cas.xjtu.edu.cn/login?TARGET=http://dj.xjtu.edu.cn/&userType=1&employeeNo=2225015585,西安交通大学党建学习平台,党建课程在线学习，时事新闻发布，学习资料下载，学习圈分享学习心得,new,https://org.xjtu.edu.cn/fds//group1/M00/03/16/CjEWYF0nAQyANN1cAAA-AO2Pffg884.png,786
391,1006,https://cas.xjtu.edu.cn/login?TARGET=http://bbpx.xjtu.edu.cn/&userType=1&employeeNo=2225015585,管理服务标兵、能手评选系统,管理服务标兵、能手评选系统,new,https://org.xjtu.edu.cn/fds//group1/M00/03/16/CjEWYF0nAQyANN1cAAA-AO2Pffg884.png,788
392,1016,https://cas.xjtu.edu.cn/login?TARGET=http://dwzzb.xjtu.edu.cn/&userType=1&employeeNo=2225015585,西安交通大学党委组织部,用户netid，用户名，所属部门等,new,https://org.xjtu.edu.cn/fds//group1/M00/03/16/CjEWYF0nAQyANN1cAAA-AO2Pffg884.png,794
393,1018,https://cas.xjtu.edu.cn/login?TARGET=http://219.245.40.51/&userType=1&employeeNo=2225015585,学科发展基础文献集信息平台,录入文献，导读全文，查阅记录，学习进度等,6,https://org.xjtu.edu.cn/fds//group1/M00/03/16/CjEWYF0ltlWAVPucAAAN3gxdQKw811.png,796
394,1020,https://cas.xjtu.edu.cn/login?TARGET=http://meeting.xjtudlc.com/&userType=1&employeeNo=2225015585,内部会议管理系统等,预约会议室等,new,https://org.xjtu.edu.cn/fds//group1/M00/03/16/CjEWYF0nAQyANN1cAAA-AO2Pffg884.png,797
395,1219,http://gmis.xjtu.edu.cn/gmis/sso/login?userType=1&employeeNo=2225015585,研究生系统管理端,研究生管理信息系统,6,https://org.xjtu.edu.cn/fds//group1/M00/03/16/CjEWYF0ltiyAE4V6AAAFOFKTAGg233.png,800
396,1220,http://gmis.xjtu.edu.cn/jsfw/sso/login?userType=1&employeeNo=2225015585,研究生系统教师端,研究生管理信息系统,6,https://org.xjtu.edu.cn/fds//group1/M00/03/16/CjEWYF0ltiyAE4V6AAAFOFKTAGg233.png,801
397,1221,http://gmis.xjtu.edu.cn/zsgl/sso/login?userType=1&employeeNo=2225015585,研究生系统招生管理,研究生管理信息系统,6,https://org.xjtu.edu.cn/fds//group1/M00/03/16/CjEWYF0ltiyAE4V6AAAFOFKTAGg233.png,802
